edgeAssociated	mean_growth_rate	simulation
FALSE	0.0010620797890375812	sampconfig_m0.5_w1_d0.2_t1_mg1_mm1_l2e+08_i1_s3755_diversified_m1_n100
TRUE	0.003643664439974351	sampconfig_m0.5_w1_d0.2_t1_mg1_mm1_l2e+08_i1_s3755_diversified_m1_n100
FALSE	0.0010797894706976788	sampconfig_m0.5_w1_d0.2_t1_mg1_mm1_l2e+08_i1_s37939_diversified_m1_n100
TRUE	0.0036644641740682074	sampconfig_m0.5_w1_d0.2_t1_mg1_mm1_l2e+08_i1_s37939_diversified_m1_n100
FALSE	0.0010892282190569317	sampconfig_m0.5_w1_d0.2_t1_mg1_mm1_l2e+08_i1_s5353_diversified_m1_n100
TRUE	0.0036516214949268684	sampconfig_m0.5_w1_d0.2_t1_mg1_mm1_l2e+08_i1_s5353_diversified_m1_n100
FALSE	0.001075675198549862	sampconfig_m0.5_w1_d0.2_t1_mg1_mm1_l2e+08_i2_s48200_diversified_m1_n100
TRUE	0.003660955251777196	sampconfig_m0.5_w1_d0.2_t1_mg1_mm1_l2e+08_i2_s48200_diversified_m1_n100
FALSE	0.001073292057381151	sampconfig_m0.5_w1_d0.2_t1_mg1_mm1_l2e+08_i3_s23648_diversified_m1_n100
TRUE	0.0036738703098432965	sampconfig_m0.5_w1_d0.2_t1_mg1_mm1_l2e+08_i3_s23648_diversified_m1_n100
FALSE	0.0010735990006979891	sampconfig_m0.5_w1_d0.2_t1_mg1_mm1_l2e+08_i4_s28361_diversified_m1_n100
TRUE	0.003684306300582184	sampconfig_m0.5_w1_d0.2_t1_mg1_mm1_l2e+08_i4_s28361_diversified_m1_n100
FALSE	0.0010730512639965174	sampconfig_m0.5_w1_d0.2_t1_mg1_mm1_l2e+08_i5_s7216_diversified_m1_n100
TRUE	0.0037073277599916033	sampconfig_m0.5_w1_d0.2_t1_mg1_mm1_l2e+08_i5_s7216_diversified_m1_n100
FALSE	0.0011000187195311763	sampconfig_m0.5_w1_d0.2_t1_mg1_mm1_l2e+08_i6_s3456_diversified_m1_n100
TRUE	0.0036671679790277077	sampconfig_m0.5_w1_d0.2_t1_mg1_mm1_l2e+08_i6_s3456_diversified_m1_n100
FALSE	0.0010795264943235623	sampconfig_m0.5_w1_d0.2_t1_mg1_mm1_l2e+08_i7_s1677_diversified_m1_n100
TRUE	0.0036896120290209064	sampconfig_m0.5_w1_d0.2_t1_mg1_mm1_l2e+08_i7_s1677_diversified_m1_n100
FALSE	0.001086552078796399	sampconfig_m0.5_w1_d0.2_t1_mg1_mm1_l2e+08_i8_s15296_diversified_m1_n100
TRUE	0.0036734531686948434	sampconfig_m0.5_w1_d0.2_t1_mg1_mm1_l2e+08_i8_s15296_diversified_m1_n100
FALSE	5.506087234691099e-4	sampconfig_m0_w1.1_d0.1_t1_mg0.99_mm1_l2e+08_i1_s20363_diversified_m1_n100
TRUE	0.0038485851475559803	sampconfig_m0_w1.1_d0.1_t1_mg0.99_mm1_l2e+08_i1_s20363_diversified_m1_n100
FALSE	5.75952652675302e-4	sampconfig_m0_w1.1_d0.1_t1_mg0.99_mm1_l2e+08_i1_s43310_diversified_m1_n100
TRUE	0.0037410039106948053	sampconfig_m0_w1.1_d0.1_t1_mg0.99_mm1_l2e+08_i1_s43310_diversified_m1_n100
FALSE	5.790160130768289e-4	sampconfig_m0_w1.1_d0.1_t1_mg0.99_mm1_l2e+08_i1_s53123_diversified_m1_n100
TRUE	0.0037478443669538876	sampconfig_m0_w1.1_d0.1_t1_mg0.99_mm1_l2e+08_i1_s53123_diversified_m1_n100
FALSE	5.621148890728471e-4	sampconfig_m0_w1.1_d0.1_t1_mg0.99_mm1_l2e+08_i1_s62823_diversified_m1_n100
TRUE	0.0038162091143832157	sampconfig_m0_w1.1_d0.1_t1_mg0.99_mm1_l2e+08_i1_s62823_diversified_m1_n100
FALSE	5.526803457393144e-4	sampconfig_m0_w1.1_d0.1_t1_mg0.99_mm1_l2e+08_i2_s29035_diversified_m1_n100
TRUE	0.0038162335391969805	sampconfig_m0_w1.1_d0.1_t1_mg0.99_mm1_l2e+08_i2_s29035_diversified_m1_n100
FALSE	5.768961341997305e-4	sampconfig_m0_w1.1_d0.1_t1_mg0.99_mm1_l2e+08_i2_s36728_diversified_m1_n100
TRUE	0.003907718316017466	sampconfig_m0_w1.1_d0.1_t1_mg0.99_mm1_l2e+08_i2_s36728_diversified_m1_n100
FALSE	5.55210136843051e-4	sampconfig_m0_w1.1_d0.1_t1_mg0.99_mm1_l2e+08_i2_s3730_diversified_m1_n100
TRUE	0.0037977729680469317	sampconfig_m0_w1.1_d0.1_t1_mg0.99_mm1_l2e+08_i2_s3730_diversified_m1_n100
FALSE	5.697702770990476e-4	sampconfig_m0_w1.1_d0.1_t1_mg0.99_mm1_l2e+08_i3_s54011_diversified_m1_n100
TRUE	0.0038448910925889157	sampconfig_m0_w1.1_d0.1_t1_mg0.99_mm1_l2e+08_i3_s54011_diversified_m1_n100
FALSE	5.70339238995466e-4	sampconfig_m0_w1.1_d0.1_t1_mg0.99_mm1_l2e+08_i3_s80300_diversified_m1_n100
TRUE	0.003872014448479675	sampconfig_m0_w1.1_d0.1_t1_mg0.99_mm1_l2e+08_i3_s80300_diversified_m1_n100
FALSE	5.578772866122581e-4	sampconfig_m0_w1.1_d0.1_t1_mg0.99_mm1_l2e+08_i3_s83165_diversified_m1_n100
TRUE	0.0038041950247421816	sampconfig_m0_w1.1_d0.1_t1_mg0.99_mm1_l2e+08_i3_s83165_diversified_m1_n100
FALSE	5.672584680511808e-4	sampconfig_m0_w1.1_d0.1_t1_mg0.99_mm1_l2e+08_i4_s32876_diversified_m1_n100
TRUE	0.0038961419376791124	sampconfig_m0_w1.1_d0.1_t1_mg0.99_mm1_l2e+08_i4_s32876_diversified_m1_n100
FALSE	5.644263148555397e-4	sampconfig_m0_w1.1_d0.1_t1_mg0.99_mm1_l2e+08_i4_s65629_diversified_m1_n100
TRUE	0.0037528547490636296	sampconfig_m0_w1.1_d0.1_t1_mg0.99_mm1_l2e+08_i4_s65629_diversified_m1_n100
FALSE	5.742711374735998e-4	sampconfig_m0_w1.1_d0.1_t1_mg0.99_mm1_l2e+08_i4_s87908_diversified_m1_n100
TRUE	0.0037778095134507377	sampconfig_m0_w1.1_d0.1_t1_mg0.99_mm1_l2e+08_i4_s87908_diversified_m1_n100
FALSE	5.729271033725047e-4	sampconfig_m0_w1.1_d0.1_t1_mg0.99_mm1_l2e+08_i5_s68464_diversified_m1_n100
TRUE	0.003797171896613301	sampconfig_m0_w1.1_d0.1_t1_mg0.99_mm1_l2e+08_i5_s68464_diversified_m1_n100
FALSE	0.00056960627024021525	sampconfig_m0_w1.1_d0.1_t1_mg0.99_mm1_l2e+08_i5_s91109_diversified_m1_n100
TRUE	0.0037637165825776266	sampconfig_m0_w1.1_d0.1_t1_mg0.99_mm1_l2e+08_i5_s91109_diversified_m1_n100
FALSE	5.549543650189578e-4	sampconfig_m0_w1.1_d0.1_t1_mg0.99_mm1_l2e+08_i5_s94765_diversified_m1_n100
TRUE	0.00398174596543509	sampconfig_m0_w1.1_d0.1_t1_mg0.99_mm1_l2e+08_i5_s94765_diversified_m1_n100
FALSE	5.625963176070376e-4	sampconfig_m0_w1.1_d0.1_t1_mg0.99_mm1_l2e+08_i6_s4066_diversified_m1_n100
TRUE	0.003787546566511423	sampconfig_m0_w1.1_d0.1_t1_mg0.99_mm1_l2e+08_i6_s4066_diversified_m1_n100
FALSE	5.591651339127339e-4	sampconfig_m0_w1.1_d0.1_t1_mg0.99_mm1_l2e+08_i6_s51663_diversified_m1_n100
TRUE	0.0038481596657376576	sampconfig_m0_w1.1_d0.1_t1_mg0.99_mm1_l2e+08_i6_s51663_diversified_m1_n100
FALSE	5.605980905844922e-4	sampconfig_m0_w1.1_d0.1_t1_mg0.99_mm1_l2e+08_i6_s63989_diversified_m1_n100
TRUE	0.003919950588458876	sampconfig_m0_w1.1_d0.1_t1_mg0.99_mm1_l2e+08_i6_s63989_diversified_m1_n100
FALSE	5.560127037429572e-4	sampconfig_m0_w1.1_d0.1_t1_mg0.99_mm1_l2e+08_i7_s27834_diversified_m1_n100
TRUE	0.003988507729682645	sampconfig_m0_w1.1_d0.1_t1_mg0.99_mm1_l2e+08_i7_s27834_diversified_m1_n100
FALSE	5.597853532717659e-4	sampconfig_m0_w1.1_d0.1_t1_mg0.99_mm1_l2e+08_i7_s49803_diversified_m1_n100
TRUE	0.0037875723362671768	sampconfig_m0_w1.1_d0.1_t1_mg0.99_mm1_l2e+08_i7_s49803_diversified_m1_n100
FALSE	5.496433301006906e-4	sampconfig_m0_w1.1_d0.1_t1_mg0.99_mm1_l2e+08_i7_s97444_diversified_m1_n100
TRUE	0.00378759922938768	sampconfig_m0_w1.1_d0.1_t1_mg0.99_mm1_l2e+08_i7_s97444_diversified_m1_n100
FALSE	5.654327602229817e-4	sampconfig_m0_w1.1_d0.1_t1_mg0.99_mm1_l2e+08_i8_s50357_diversified_m1_n100
TRUE	0.0038422806813754326	sampconfig_m0_w1.1_d0.1_t1_mg0.99_mm1_l2e+08_i8_s50357_diversified_m1_n100
FALSE	5.695202109631825e-4	sampconfig_m0_w1.1_d0.1_t1_mg0.99_mm1_l2e+08_i8_s5136_diversified_m1_n100
TRUE	0.00377072518050717	sampconfig_m0_w1.1_d0.1_t1_mg0.99_mm1_l2e+08_i8_s5136_diversified_m1_n100
FALSE	5.758311956147313e-4	sampconfig_m0_w1.1_d0.1_t1_mg0.99_mm1_l2e+08_i8_s97191_diversified_m1_n100
TRUE	0.0038094550542159596	sampconfig_m0_w1.1_d0.1_t1_mg0.99_mm1_l2e+08_i8_s97191_diversified_m1_n100
FALSE	0.0010366925314808679	sampconfig_m0_w1.1_d0.2_t1_mg0.99_mm1_l2e+08_i1_s20264_diversified_m1_n100
TRUE	0.004053701551116834	sampconfig_m0_w1.1_d0.2_t1_mg0.99_mm1_l2e+08_i1_s20264_diversified_m1_n100
FALSE	0.0010452947164202183	sampconfig_m0_w1.1_d0.2_t1_mg0.99_mm1_l2e+08_i1_s21491_diversified_m1_n100
TRUE	0.004049809782722173	sampconfig_m0_w1.1_d0.2_t1_mg0.99_mm1_l2e+08_i1_s21491_diversified_m1_n100
FALSE	0.0014451557898061977	sampconfig_m0_w1.1_d0.2_t1_mg0.99_mm1_l2e+08_i1_s35083_diversified_m1_n100
TRUE	0.004016658621524655	sampconfig_m0_w1.1_d0.2_t1_mg0.99_mm1_l2e+08_i1_s35083_diversified_m1_n100
FALSE	0.0010315736162155793	sampconfig_m0_w1.1_d0.2_t1_mg0.99_mm1_l2e+08_i1_s59583_diversified_m1_n100
TRUE	0.003930866617820816	sampconfig_m0_w1.1_d0.2_t1_mg0.99_mm1_l2e+08_i1_s59583_diversified_m1_n100
FALSE	0.0014207640813893748	sampconfig_m0_w1.1_d0.2_t1_mg0.99_mm1_l2e+08_i1_s80300_diversified_m1_n100
TRUE	0.004002713761135315	sampconfig_m0_w1.1_d0.2_t1_mg0.99_mm1_l2e+08_i1_s80300_diversified_m1_n100
FALSE	0.0010326469261952762	sampconfig_m0_w1.1_d0.2_t1_mg0.99_mm1_l2e+08_i1_s81847_diversified_m1_n100
TRUE	0.004228010350046126	sampconfig_m0_w1.1_d0.2_t1_mg0.99_mm1_l2e+08_i1_s81847_diversified_m1_n100
FALSE	0.0014190560574379651	sampconfig_m0_w1.1_d0.2_t1_mg0.99_mm1_l2e+08_i1_s86133_diversified_m1_n100
TRUE	0.004025206663633761	sampconfig_m0_w1.1_d0.2_t1_mg0.99_mm1_l2e+08_i1_s86133_diversified_m1_n100
FALSE	0.001042357697272249	sampconfig_m0_w1.1_d0.2_t1_mg0.99_mm1_l2e+08_i2_s56472_diversified_m1_n100
TRUE	0.004057601147671075	sampconfig_m0_w1.1_d0.2_t1_mg0.99_mm1_l2e+08_i2_s56472_diversified_m1_n100
FALSE	0.0010186992021706232	sampconfig_m0_w1.1_d0.2_t1_mg0.99_mm1_l2e+08_i2_s85456_diversified_m1_n100
TRUE	0.00388747676812245	sampconfig_m0_w1.1_d0.2_t1_mg0.99_mm1_l2e+08_i2_s85456_diversified_m1_n100
FALSE	0.0010448797079723865	sampconfig_m0_w1.1_d0.2_t1_mg0.99_mm1_l2e+08_i2_s85625_diversified_m1_n100
TRUE	0.004179810790718813	sampconfig_m0_w1.1_d0.2_t1_mg0.99_mm1_l2e+08_i2_s85625_diversified_m1_n100
FALSE	0.001411717385221382	sampconfig_m0_w1.1_d0.2_t1_mg0.99_mm1_l2e+08_i2_s88201_diversified_m1_n100
TRUE	0.004223099523692345	sampconfig_m0_w1.1_d0.2_t1_mg0.99_mm1_l2e+08_i2_s88201_diversified_m1_n100
FALSE	0.001409838943787017	sampconfig_m0_w1.1_d0.2_t1_mg0.99_mm1_l2e+08_i3_s26990_diversified_m1_n100
TRUE	0.003973558418154963	sampconfig_m0_w1.1_d0.2_t1_mg0.99_mm1_l2e+08_i3_s26990_diversified_m1_n100
FALSE	0.0010143045044746816	sampconfig_m0_w1.1_d0.2_t1_mg0.99_mm1_l2e+08_i3_s66240_diversified_m1_n100
TRUE	0.0038558424228800066	sampconfig_m0_w1.1_d0.2_t1_mg0.99_mm1_l2e+08_i3_s66240_diversified_m1_n100
FALSE	0.0010546831790979544	sampconfig_m0_w1.1_d0.2_t1_mg0.99_mm1_l2e+08_i3_s85208_diversified_m1_n100
TRUE	0.003933774996333055	sampconfig_m0_w1.1_d0.2_t1_mg0.99_mm1_l2e+08_i3_s85208_diversified_m1_n100
FALSE	0.001059600588869082	sampconfig_m0_w1.1_d0.2_t1_mg0.99_mm1_l2e+08_i3_s98842_diversified_m1_n100
TRUE	0.003928184102534401	sampconfig_m0_w1.1_d0.2_t1_mg0.99_mm1_l2e+08_i3_s98842_diversified_m1_n100
FALSE	0.001025388288835184	sampconfig_m0_w1.1_d0.2_t1_mg0.99_mm1_l2e+08_i4_s16817_diversified_m1_n100
TRUE	0.003836338437561512	sampconfig_m0_w1.1_d0.2_t1_mg0.99_mm1_l2e+08_i4_s16817_diversified_m1_n100
FALSE	0.001053752991475242	sampconfig_m0_w1.1_d0.2_t1_mg0.99_mm1_l2e+08_i4_s20946_diversified_m1_n100
TRUE	0.0039031127392105043	sampconfig_m0_w1.1_d0.2_t1_mg0.99_mm1_l2e+08_i4_s20946_diversified_m1_n100
FALSE	0.0010509362096064118	sampconfig_m0_w1.1_d0.2_t1_mg0.99_mm1_l2e+08_i4_s60223_diversified_m1_n100
TRUE	0.003939253054456177	sampconfig_m0_w1.1_d0.2_t1_mg0.99_mm1_l2e+08_i4_s60223_diversified_m1_n100
FALSE	0.0014097316534794576	sampconfig_m0_w1.1_d0.2_t1_mg0.99_mm1_l2e+08_i4_s63912_diversified_m1_n100
TRUE	0.00405812896552934	sampconfig_m0_w1.1_d0.2_t1_mg0.99_mm1_l2e+08_i4_s63912_diversified_m1_n100
FALSE	0.0010474594483886584	sampconfig_m0_w1.1_d0.2_t1_mg0.99_mm1_l2e+08_i5_s2734_diversified_m1_n100
TRUE	0.0038902689590720424	sampconfig_m0_w1.1_d0.2_t1_mg0.99_mm1_l2e+08_i5_s2734_diversified_m1_n100
FALSE	0.0010611013868257464	sampconfig_m0_w1.1_d0.2_t1_mg0.99_mm1_l2e+08_i5_s58705_diversified_m1_n100
TRUE	0.003965581105589052	sampconfig_m0_w1.1_d0.2_t1_mg0.99_mm1_l2e+08_i5_s58705_diversified_m1_n100
FALSE	0.0010418650179147377	sampconfig_m0_w1.1_d0.2_t1_mg0.99_mm1_l2e+08_i5_s78486_diversified_m1_n100
TRUE	0.003947550220901797	sampconfig_m0_w1.1_d0.2_t1_mg0.99_mm1_l2e+08_i5_s78486_diversified_m1_n100
FALSE	0.0014105178176560117	sampconfig_m0_w1.1_d0.2_t1_mg0.99_mm1_l2e+08_i5_s87365_diversified_m1_n100
TRUE	0.003983953876253416	sampconfig_m0_w1.1_d0.2_t1_mg0.99_mm1_l2e+08_i5_s87365_diversified_m1_n100
FALSE	0.0014677884537133332	sampconfig_m0_w1.1_d0.2_t1_mg0.99_mm1_l2e+08_i6_s42011_diversified_m1_n100
TRUE	0.004267436228519473	sampconfig_m0_w1.1_d0.2_t1_mg0.99_mm1_l2e+08_i6_s42011_diversified_m1_n100
FALSE	0.0010553095813932872	sampconfig_m0_w1.1_d0.2_t1_mg0.99_mm1_l2e+08_i6_s57578_diversified_m1_n100
TRUE	0.0038876737193719677	sampconfig_m0_w1.1_d0.2_t1_mg0.99_mm1_l2e+08_i6_s57578_diversified_m1_n100
FALSE	0.0010191876810321345	sampconfig_m0_w1.1_d0.2_t1_mg0.99_mm1_l2e+08_i6_s71283_diversified_m1_n100
TRUE	0.003939894013064877	sampconfig_m0_w1.1_d0.2_t1_mg0.99_mm1_l2e+08_i6_s71283_diversified_m1_n100
FALSE	0.001011021139148256	sampconfig_m0_w1.1_d0.2_t1_mg0.99_mm1_l2e+08_i6_s95418_diversified_m1_n100
TRUE	0.0039738210131244605	sampconfig_m0_w1.1_d0.2_t1_mg0.99_mm1_l2e+08_i6_s95418_diversified_m1_n100
FALSE	0.0010669932112436335	sampconfig_m0_w1.1_d0.2_t1_mg0.99_mm1_l2e+08_i7_s38125_diversified_m1_n100
TRUE	0.003957242355287041	sampconfig_m0_w1.1_d0.2_t1_mg0.99_mm1_l2e+08_i7_s38125_diversified_m1_n100
FALSE	0.0010574344294762982	sampconfig_m0_w1.1_d0.2_t1_mg0.99_mm1_l2e+08_i7_s66017_diversified_m1_n100
TRUE	0.0038303136999581298	sampconfig_m0_w1.1_d0.2_t1_mg0.99_mm1_l2e+08_i7_s66017_diversified_m1_n100
FALSE	0.0014217383464540743	sampconfig_m0_w1.1_d0.2_t1_mg0.99_mm1_l2e+08_i7_s76033_diversified_m1_n100
TRUE	0.00404289383857918	sampconfig_m0_w1.1_d0.2_t1_mg0.99_mm1_l2e+08_i7_s76033_diversified_m1_n100
FALSE	0.0010542184574979273	sampconfig_m0_w1.1_d0.2_t1_mg0.99_mm1_l2e+08_i7_s87032_diversified_m1_n100
TRUE	0.004038872918232541	sampconfig_m0_w1.1_d0.2_t1_mg0.99_mm1_l2e+08_i7_s87032_diversified_m1_n100
FALSE	0.001043895276316531	sampconfig_m0_w1.1_d0.2_t1_mg0.99_mm1_l2e+08_i8_s42120_diversified_m1_n100
TRUE	0.004036458787502142	sampconfig_m0_w1.1_d0.2_t1_mg0.99_mm1_l2e+08_i8_s42120_diversified_m1_n100
FALSE	0.0010317186045488904	sampconfig_m0_w1.1_d0.2_t1_mg0.99_mm1_l2e+08_i8_s42970_diversified_m1_n100
TRUE	0.003987654294680894	sampconfig_m0_w1.1_d0.2_t1_mg0.99_mm1_l2e+08_i8_s42970_diversified_m1_n100
FALSE	0.0014544312050813403	sampconfig_m0_w1.1_d0.2_t1_mg0.99_mm1_l2e+08_i8_s8928_diversified_m1_n100
TRUE	0.004047171910819627	sampconfig_m0_w1.1_d0.2_t1_mg0.99_mm1_l2e+08_i8_s8928_diversified_m1_n100
FALSE	0.00104313751652016	sampconfig_m0_w1.1_d0.2_t1_mg0.99_mm1_l2e+08_i8_s92702_diversified_m1_n100
TRUE	0.0040626359113508145	sampconfig_m0_w1.1_d0.2_t1_mg0.99_mm1_l2e+08_i8_s92702_diversified_m1_n100
FALSE	0.0015130142854286413	sampconfig_m0_w1.1_d0.3_t1_mg0.99_mm1_l2e+08_i1_s7406_diversified_m1_n100
TRUE	0.00403070536609314	sampconfig_m0_w1.1_d0.3_t1_mg0.99_mm1_l2e+08_i1_s7406_diversified_m1_n100
FALSE	0.001522648321839931	sampconfig_m0_w1.1_d0.3_t1_mg0.99_mm1_l2e+08_i1_s78236_diversified_m1_n100
TRUE	0.004054393606893028	sampconfig_m0_w1.1_d0.3_t1_mg0.99_mm1_l2e+08_i1_s78236_diversified_m1_n100
FALSE	0.001502020291649247	sampconfig_m0_w1.1_d0.3_t1_mg0.99_mm1_l2e+08_i1_s78568_diversified_m1_n100
TRUE	0.0039592491629479405	sampconfig_m0_w1.1_d0.3_t1_mg0.99_mm1_l2e+08_i1_s78568_diversified_m1_n100
FALSE	0.0014903377090501328	sampconfig_m0_w1.1_d0.3_t1_mg0.99_mm1_l2e+08_i1_s8659_diversified_m1_n100
TRUE	0.0038895777739189176	sampconfig_m0_w1.1_d0.3_t1_mg0.99_mm1_l2e+08_i1_s8659_diversified_m1_n100
FALSE	0.0015372526064463595	sampconfig_m0_w1.1_d0.3_t1_mg0.99_mm1_l2e+08_i2_s23234_diversified_m1_n100
TRUE	0.003909107431704483	sampconfig_m0_w1.1_d0.3_t1_mg0.99_mm1_l2e+08_i2_s23234_diversified_m1_n100
FALSE	0.0015390558128075332	sampconfig_m0_w1.1_d0.3_t1_mg0.99_mm1_l2e+08_i2_s98708_diversified_m1_n100
TRUE	0.003978408374785093	sampconfig_m0_w1.1_d0.3_t1_mg0.99_mm1_l2e+08_i2_s98708_diversified_m1_n100
FALSE	0.0015026095335538094	sampconfig_m0_w1.1_d0.3_t1_mg0.99_mm1_l2e+08_i2_s99146_diversified_m1_n100
TRUE	0.0042084205448732	sampconfig_m0_w1.1_d0.3_t1_mg0.99_mm1_l2e+08_i2_s99146_diversified_m1_n100
FALSE	0.0015138207220582922	sampconfig_m0_w1.1_d0.3_t1_mg0.99_mm1_l2e+08_i3_s42354_diversified_m1_n100
TRUE	0.004041494809945187	sampconfig_m0_w1.1_d0.3_t1_mg0.99_mm1_l2e+08_i3_s42354_diversified_m1_n100
FALSE	0.001539633601446859	sampconfig_m0_w1.1_d0.3_t1_mg0.99_mm1_l2e+08_i3_s83672_diversified_m1_n100
TRUE	0.004079260955202692	sampconfig_m0_w1.1_d0.3_t1_mg0.99_mm1_l2e+08_i3_s83672_diversified_m1_n100
FALSE	0.0015359603618384282	sampconfig_m0_w1.1_d0.3_t1_mg0.99_mm1_l2e+08_i3_s93952_diversified_m1_n100
TRUE	0.003976580824350184	sampconfig_m0_w1.1_d0.3_t1_mg0.99_mm1_l2e+08_i3_s93952_diversified_m1_n100
FALSE	0.001532564347784208	sampconfig_m0_w1.1_d0.3_t1_mg0.99_mm1_l2e+08_i4_s11916_diversified_m1_n100
TRUE	0.004133773317901095	sampconfig_m0_w1.1_d0.3_t1_mg0.99_mm1_l2e+08_i4_s11916_diversified_m1_n100
FALSE	0.0015147171920443924	sampconfig_m0_w1.1_d0.3_t1_mg0.99_mm1_l2e+08_i4_s59275_diversified_m1_n100
TRUE	0.0040450966484846885	sampconfig_m0_w1.1_d0.3_t1_mg0.99_mm1_l2e+08_i4_s59275_diversified_m1_n100
FALSE	0.001507788370725975	sampconfig_m0_w1.1_d0.3_t1_mg0.99_mm1_l2e+08_i4_s95592_diversified_m1_n100
TRUE	0.00393963770662161	sampconfig_m0_w1.1_d0.3_t1_mg0.99_mm1_l2e+08_i4_s95592_diversified_m1_n100
FALSE	0.0015351853674802054	sampconfig_m0_w1.1_d0.3_t1_mg0.99_mm1_l2e+08_i5_s10605_diversified_m1_n100
TRUE	0.0042424516803210395	sampconfig_m0_w1.1_d0.3_t1_mg0.99_mm1_l2e+08_i5_s10605_diversified_m1_n100
FALSE	0.001511783999998604	sampconfig_m0_w1.1_d0.3_t1_mg0.99_mm1_l2e+08_i5_s63993_diversified_m1_n100
TRUE	0.003953797633148489	sampconfig_m0_w1.1_d0.3_t1_mg0.99_mm1_l2e+08_i5_s63993_diversified_m1_n100
FALSE	0.0015239648204939532	sampconfig_m0_w1.1_d0.3_t1_mg0.99_mm1_l2e+08_i5_s82243_diversified_m1_n100
TRUE	0.004123457910998867	sampconfig_m0_w1.1_d0.3_t1_mg0.99_mm1_l2e+08_i5_s82243_diversified_m1_n100
FALSE	0.0015075288510013553	sampconfig_m0_w1.1_d0.3_t1_mg0.99_mm1_l2e+08_i6_s4275_diversified_m1_n100
TRUE	0.004010496437516657	sampconfig_m0_w1.1_d0.3_t1_mg0.99_mm1_l2e+08_i6_s4275_diversified_m1_n100
FALSE	0.0015096720098610962	sampconfig_m0_w1.1_d0.3_t1_mg0.99_mm1_l2e+08_i6_s49874_diversified_m1_n100
TRUE	0.004012397031432467	sampconfig_m0_w1.1_d0.3_t1_mg0.99_mm1_l2e+08_i6_s49874_diversified_m1_n100
FALSE	0.0015099958263958741	sampconfig_m0_w1.1_d0.3_t1_mg0.99_mm1_l2e+08_i6_s69290_diversified_m1_n100
TRUE	0.0040332334394389945	sampconfig_m0_w1.1_d0.3_t1_mg0.99_mm1_l2e+08_i6_s69290_diversified_m1_n100
FALSE	0.0015272484717166882	sampconfig_m0_w1.1_d0.3_t1_mg0.99_mm1_l2e+08_i7_s38188_diversified_m1_n100
TRUE	0.004018159304361524	sampconfig_m0_w1.1_d0.3_t1_mg0.99_mm1_l2e+08_i7_s38188_diversified_m1_n100
FALSE	0.0015128656102105858	sampconfig_m0_w1.1_d0.3_t1_mg0.99_mm1_l2e+08_i7_s41492_diversified_m1_n100
TRUE	0.004064170663464647	sampconfig_m0_w1.1_d0.3_t1_mg0.99_mm1_l2e+08_i7_s41492_diversified_m1_n100
FALSE	0.001497891233953937	sampconfig_m0_w1.1_d0.3_t1_mg0.99_mm1_l2e+08_i7_s62095_diversified_m1_n100
TRUE	0.004049094116765381	sampconfig_m0_w1.1_d0.3_t1_mg0.99_mm1_l2e+08_i7_s62095_diversified_m1_n100
FALSE	0.001520376094200233	sampconfig_m0_w1.1_d0.3_t1_mg0.99_mm1_l2e+08_i8_s88223_diversified_m1_n100
TRUE	0.004082237127684642	sampconfig_m0_w1.1_d0.3_t1_mg0.99_mm1_l2e+08_i8_s88223_diversified_m1_n100
FALSE	0.001512919236979148	sampconfig_m0_w1.1_d0.3_t1_mg0.99_mm1_l2e+08_i8_s92638_diversified_m1_n100
TRUE	0.0040104808066182265	sampconfig_m0_w1.1_d0.3_t1_mg0.99_mm1_l2e+08_i8_s92638_diversified_m1_n100
FALSE	0.0014931582608024051	sampconfig_m0_w1.1_d0.3_t1_mg0.99_mm1_l2e+08_i8_s96638_diversified_m1_n100
TRUE	0.003997102899277204	sampconfig_m0_w1.1_d0.3_t1_mg0.99_mm1_l2e+08_i8_s96638_diversified_m1_n100
FALSE	0.001976798028993201	sampconfig_m0_w1.1_d0.4_t1_mg0.99_mm1_l2e+08_i1_s2768_diversified_m1_n100
TRUE	0.004127119690644776	sampconfig_m0_w1.1_d0.4_t1_mg0.99_mm1_l2e+08_i1_s2768_diversified_m1_n100
FALSE	0.002338343539942043	sampconfig_m0_w1.1_d0.4_t1_mg0.99_mm1_l2e+08_i1_s31973_diversified_m1_n100
TRUE	0.004259058393481105	sampconfig_m0_w1.1_d0.4_t1_mg0.99_mm1_l2e+08_i1_s31973_diversified_m1_n100
FALSE	0.0019713077443425284	sampconfig_m0_w1.1_d0.4_t1_mg0.99_mm1_l2e+08_i1_s34006_diversified_m1_n100
TRUE	0.0041030664778936455	sampconfig_m0_w1.1_d0.4_t1_mg0.99_mm1_l2e+08_i1_s34006_diversified_m1_n100
FALSE	0.001977420481388238	sampconfig_m0_w1.1_d0.4_t1_mg0.99_mm1_l2e+08_i1_s52146_diversified_m1_n100
TRUE	0.004018198646619217	sampconfig_m0_w1.1_d0.4_t1_mg0.99_mm1_l2e+08_i1_s52146_diversified_m1_n100
FALSE	0.0023415111310937393	sampconfig_m0_w1.1_d0.4_t1_mg0.99_mm1_l2e+08_i1_s53662_diversified_m1_n100
TRUE	0.0042543114727864465	sampconfig_m0_w1.1_d0.4_t1_mg0.99_mm1_l2e+08_i1_s53662_diversified_m1_n100
FALSE	0.0024040517249225256	sampconfig_m0_w1.1_d0.4_t1_mg0.99_mm1_l2e+08_i1_s53980_diversified_m1_n100
TRUE	0.0043109930420985884	sampconfig_m0_w1.1_d0.4_t1_mg0.99_mm1_l2e+08_i1_s53980_diversified_m1_n100
FALSE	0.001985671700290164	sampconfig_m0_w1.1_d0.4_t1_mg0.99_mm1_l2e+08_i1_s65883_diversified_m1_n100
TRUE	0.004099776169314114	sampconfig_m0_w1.1_d0.4_t1_mg0.99_mm1_l2e+08_i1_s65883_diversified_m1_n100
FALSE	0.0020010684244276458	sampconfig_m0_w1.1_d0.4_t1_mg0.99_mm1_l2e+08_i2_s10365_diversified_m1_n100
TRUE	0.0042096679894314355	sampconfig_m0_w1.1_d0.4_t1_mg0.99_mm1_l2e+08_i2_s10365_diversified_m1_n100
FALSE	0.0019606022614276322	sampconfig_m0_w1.1_d0.4_t1_mg0.99_mm1_l2e+08_i2_s27416_diversified_m1_n100
TRUE	0.0041756021817691315	sampconfig_m0_w1.1_d0.4_t1_mg0.99_mm1_l2e+08_i2_s27416_diversified_m1_n100
FALSE	0.0019710611416553863	sampconfig_m0_w1.1_d0.4_t1_mg0.99_mm1_l2e+08_i2_s60063_diversified_m1_n100
TRUE	0.0042992965999021976	sampconfig_m0_w1.1_d0.4_t1_mg0.99_mm1_l2e+08_i2_s60063_diversified_m1_n100
FALSE	0.0023964683708229658	sampconfig_m0_w1.1_d0.4_t1_mg0.99_mm1_l2e+08_i2_s8536_diversified_m1_n100
TRUE	0.004289833239837794	sampconfig_m0_w1.1_d0.4_t1_mg0.99_mm1_l2e+08_i2_s8536_diversified_m1_n100
FALSE	0.001963591322581319	sampconfig_m0_w1.1_d0.4_t1_mg0.99_mm1_l2e+08_i3_s47654_diversified_m1_n100
TRUE	0.0041550341859891825	sampconfig_m0_w1.1_d0.4_t1_mg0.99_mm1_l2e+08_i3_s47654_diversified_m1_n100
FALSE	0.0020157971843699834	sampconfig_m0_w1.1_d0.4_t1_mg0.99_mm1_l2e+08_i3_s58770_diversified_m1_n100
TRUE	0.00413266941096853	sampconfig_m0_w1.1_d0.4_t1_mg0.99_mm1_l2e+08_i3_s58770_diversified_m1_n100
FALSE	0.0023861839449183437	sampconfig_m0_w1.1_d0.4_t1_mg0.99_mm1_l2e+08_i3_s69127_diversified_m1_n100
TRUE	0.0044434834222343775	sampconfig_m0_w1.1_d0.4_t1_mg0.99_mm1_l2e+08_i3_s69127_diversified_m1_n100
FALSE	0.0019614791587323327	sampconfig_m0_w1.1_d0.4_t1_mg0.99_mm1_l2e+08_i3_s90499_diversified_m1_n100
TRUE	0.0040654126423353715	sampconfig_m0_w1.1_d0.4_t1_mg0.99_mm1_l2e+08_i3_s90499_diversified_m1_n100
FALSE	0.0023842676398792106	sampconfig_m0_w1.1_d0.4_t1_mg0.99_mm1_l2e+08_i4_s24239_diversified_m1_n100
TRUE	0.004248827455868685	sampconfig_m0_w1.1_d0.4_t1_mg0.99_mm1_l2e+08_i4_s24239_diversified_m1_n100
FALSE	0.0019822228280821936	sampconfig_m0_w1.1_d0.4_t1_mg0.99_mm1_l2e+08_i4_s30668_diversified_m1_n100
TRUE	0.004073982349287852	sampconfig_m0_w1.1_d0.4_t1_mg0.99_mm1_l2e+08_i4_s30668_diversified_m1_n100
FALSE	0.0019665772210924557	sampconfig_m0_w1.1_d0.4_t1_mg0.99_mm1_l2e+08_i4_s59663_diversified_m1_n100
TRUE	0.0041434695330055575	sampconfig_m0_w1.1_d0.4_t1_mg0.99_mm1_l2e+08_i4_s59663_diversified_m1_n100
FALSE	0.0019838983727149266	sampconfig_m0_w1.1_d0.4_t1_mg0.99_mm1_l2e+08_i4_s73875_diversified_m1_n100
TRUE	0.004161851986266754	sampconfig_m0_w1.1_d0.4_t1_mg0.99_mm1_l2e+08_i4_s73875_diversified_m1_n100
FALSE	0.001999288891944981	sampconfig_m0_w1.1_d0.4_t1_mg0.99_mm1_l2e+08_i5_s24021_diversified_m1_n100
TRUE	0.004175515975509134	sampconfig_m0_w1.1_d0.4_t1_mg0.99_mm1_l2e+08_i5_s24021_diversified_m1_n100
FALSE	0.002328009795957812	sampconfig_m0_w1.1_d0.4_t1_mg0.99_mm1_l2e+08_i5_s4408_diversified_m1_n100
TRUE	0.004297224146825752	sampconfig_m0_w1.1_d0.4_t1_mg0.99_mm1_l2e+08_i5_s4408_diversified_m1_n100
FALSE	0.00196253223397908	sampconfig_m0_w1.1_d0.4_t1_mg0.99_mm1_l2e+08_i5_s54095_diversified_m1_n100
TRUE	0.0041851620468942256	sampconfig_m0_w1.1_d0.4_t1_mg0.99_mm1_l2e+08_i5_s54095_diversified_m1_n100
FALSE	0.001982472451473664	sampconfig_m0_w1.1_d0.4_t1_mg0.99_mm1_l2e+08_i5_s79637_diversified_m1_n100
TRUE	0.004029077086443311	sampconfig_m0_w1.1_d0.4_t1_mg0.99_mm1_l2e+08_i5_s79637_diversified_m1_n100
FALSE	0.0019934738090833497	sampconfig_m0_w1.1_d0.4_t1_mg0.99_mm1_l2e+08_i6_s14492_diversified_m1_n100
TRUE	0.004311204452755486	sampconfig_m0_w1.1_d0.4_t1_mg0.99_mm1_l2e+08_i6_s14492_diversified_m1_n100
FALSE	0.0020019304521507993	sampconfig_m0_w1.1_d0.4_t1_mg0.99_mm1_l2e+08_i6_s1694_diversified_m1_n100
TRUE	0.0042424139034513905	sampconfig_m0_w1.1_d0.4_t1_mg0.99_mm1_l2e+08_i6_s1694_diversified_m1_n100
FALSE	0.0019527633005700334	sampconfig_m0_w1.1_d0.4_t1_mg0.99_mm1_l2e+08_i6_s75112_diversified_m1_n100
TRUE	0.004045389570755865	sampconfig_m0_w1.1_d0.4_t1_mg0.99_mm1_l2e+08_i6_s75112_diversified_m1_n100
FALSE	0.0023194652190900353	sampconfig_m0_w1.1_d0.4_t1_mg0.99_mm1_l2e+08_i6_s98729_diversified_m1_n100
TRUE	0.004224837631016472	sampconfig_m0_w1.1_d0.4_t1_mg0.99_mm1_l2e+08_i6_s98729_diversified_m1_n100
FALSE	0.0023676257190802462	sampconfig_m0_w1.1_d0.4_t1_mg0.99_mm1_l2e+08_i7_s41527_diversified_m1_n100
TRUE	0.004278666196761018	sampconfig_m0_w1.1_d0.4_t1_mg0.99_mm1_l2e+08_i7_s41527_diversified_m1_n100
FALSE	0.0019568535295456553	sampconfig_m0_w1.1_d0.4_t1_mg0.99_mm1_l2e+08_i7_s50029_diversified_m1_n100
TRUE	0.004275081277629405	sampconfig_m0_w1.1_d0.4_t1_mg0.99_mm1_l2e+08_i7_s50029_diversified_m1_n100
FALSE	0.001958126048178299	sampconfig_m0_w1.1_d0.4_t1_mg0.99_mm1_l2e+08_i7_s93367_diversified_m1_n100
TRUE	0.0041363314458281565	sampconfig_m0_w1.1_d0.4_t1_mg0.99_mm1_l2e+08_i7_s93367_diversified_m1_n100
FALSE	0.0019909895213331957	sampconfig_m0_w1.1_d0.4_t1_mg0.99_mm1_l2e+08_i7_s99378_diversified_m1_n100
TRUE	0.004261739576454101	sampconfig_m0_w1.1_d0.4_t1_mg0.99_mm1_l2e+08_i7_s99378_diversified_m1_n100
FALSE	0.0019730638015599566	sampconfig_m0_w1.1_d0.4_t1_mg0.99_mm1_l2e+08_i8_s62187_diversified_m1_n100
TRUE	0.004078012885972907	sampconfig_m0_w1.1_d0.4_t1_mg0.99_mm1_l2e+08_i8_s62187_diversified_m1_n100
FALSE	0.002376422751687687	sampconfig_m0_w1.1_d0.4_t1_mg0.99_mm1_l2e+08_i8_s72183_diversified_m1_n100
TRUE	0.00430215499239746	sampconfig_m0_w1.1_d0.4_t1_mg0.99_mm1_l2e+08_i8_s72183_diversified_m1_n100
FALSE	0.0019874480801076754	sampconfig_m0_w1.1_d0.4_t1_mg0.99_mm1_l2e+08_i8_s79139_diversified_m1_n100
TRUE	0.00410002419876932	sampconfig_m0_w1.1_d0.4_t1_mg0.99_mm1_l2e+08_i8_s79139_diversified_m1_n100
FALSE	0.0019462510809220089	sampconfig_m0_w1.1_d0.4_t1_mg0.99_mm1_l2e+08_i8_s94449_diversified_m1_n100
TRUE	0.004027655475600506	sampconfig_m0_w1.1_d0.4_t1_mg0.99_mm1_l2e+08_i8_s94449_diversified_m1_n100
FALSE	0.002450242526124897	sampconfig_m0_w1.1_d0.5_t1_mg0.99_mm1_l2e+08_i1_s25635_diversified_m1_n100
TRUE	0.004241208495636007	sampconfig_m0_w1.1_d0.5_t1_mg0.99_mm1_l2e+08_i1_s25635_diversified_m1_n100
FALSE	0.0024547022735210986	sampconfig_m0_w1.1_d0.5_t1_mg0.99_mm1_l2e+08_i1_s5083_diversified_m1_n100
TRUE	0.004359787876060058	sampconfig_m0_w1.1_d0.5_t1_mg0.99_mm1_l2e+08_i1_s5083_diversified_m1_n100
FALSE	0.0024183017467754777	sampconfig_m0_w1.1_d0.5_t1_mg0.99_mm1_l2e+08_i1_s57268_diversified_m1_n100
TRUE	0.004255935235598126	sampconfig_m0_w1.1_d0.5_t1_mg0.99_mm1_l2e+08_i1_s57268_diversified_m1_n100
FALSE	0.0024476034417775156	sampconfig_m0_w1.1_d0.5_t1_mg0.99_mm1_l2e+08_i1_s85129_diversified_m1_n100
TRUE	0.004160139713124851	sampconfig_m0_w1.1_d0.5_t1_mg0.99_mm1_l2e+08_i1_s85129_diversified_m1_n100
FALSE	0.002432993562715081	sampconfig_m0_w1.1_d0.5_t1_mg0.99_mm1_l2e+08_i2_s38076_diversified_m1_n100
TRUE	0.004253711670223217	sampconfig_m0_w1.1_d0.5_t1_mg0.99_mm1_l2e+08_i2_s38076_diversified_m1_n100
FALSE	0.0024723187098652723	sampconfig_m0_w1.1_d0.5_t1_mg0.99_mm1_l2e+08_i2_s43976_diversified_m1_n100
TRUE	0.004472466333213463	sampconfig_m0_w1.1_d0.5_t1_mg0.99_mm1_l2e+08_i2_s43976_diversified_m1_n100
FALSE	0.002423496861610937	sampconfig_m0_w1.1_d0.5_t1_mg0.99_mm1_l2e+08_i2_s49595_diversified_m1_n100
TRUE	0.004101427060597274	sampconfig_m0_w1.1_d0.5_t1_mg0.99_mm1_l2e+08_i2_s49595_diversified_m1_n100
FALSE	0.0024412086809336925	sampconfig_m0_w1.1_d0.5_t1_mg0.99_mm1_l2e+08_i3_s22213_diversified_m1_n100
TRUE	0.004245627843342595	sampconfig_m0_w1.1_d0.5_t1_mg0.99_mm1_l2e+08_i3_s22213_diversified_m1_n100
FALSE	0.00244263851486466	sampconfig_m0_w1.1_d0.5_t1_mg0.99_mm1_l2e+08_i3_s65083_diversified_m1_n100
TRUE	0.004253721876337711	sampconfig_m0_w1.1_d0.5_t1_mg0.99_mm1_l2e+08_i3_s65083_diversified_m1_n100
FALSE	0.0024301529547017396	sampconfig_m0_w1.1_d0.5_t1_mg0.99_mm1_l2e+08_i3_s84913_diversified_m1_n100
TRUE	0.004343813595250626	sampconfig_m0_w1.1_d0.5_t1_mg0.99_mm1_l2e+08_i3_s84913_diversified_m1_n100
FALSE	0.0024404044070799103	sampconfig_m0_w1.1_d0.5_t1_mg0.99_mm1_l2e+08_i4_s61662_diversified_m1_n100
TRUE	0.004191267666730271	sampconfig_m0_w1.1_d0.5_t1_mg0.99_mm1_l2e+08_i4_s61662_diversified_m1_n100
FALSE	0.0024275163453883085	sampconfig_m0_w1.1_d0.5_t1_mg0.99_mm1_l2e+08_i4_s67884_diversified_m1_n100
TRUE	0.004138877725182384	sampconfig_m0_w1.1_d0.5_t1_mg0.99_mm1_l2e+08_i4_s67884_diversified_m1_n100
FALSE	0.0024589648757940468	sampconfig_m0_w1.1_d0.5_t1_mg0.99_mm1_l2e+08_i4_s84793_diversified_m1_n100
TRUE	0.004172452854134993	sampconfig_m0_w1.1_d0.5_t1_mg0.99_mm1_l2e+08_i4_s84793_diversified_m1_n100
FALSE	0.0024525482527668094	sampconfig_m0_w1.1_d0.5_t1_mg0.99_mm1_l2e+08_i5_s41038_diversified_m1_n100
TRUE	0.004276221832486851	sampconfig_m0_w1.1_d0.5_t1_mg0.99_mm1_l2e+08_i5_s41038_diversified_m1_n100
FALSE	0.0024562097126459466	sampconfig_m0_w1.1_d0.5_t1_mg0.99_mm1_l2e+08_i5_s5454_diversified_m1_n100
TRUE	0.004282511526892336	sampconfig_m0_w1.1_d0.5_t1_mg0.99_mm1_l2e+08_i5_s5454_diversified_m1_n100
FALSE	0.002433833957046478	sampconfig_m0_w1.1_d0.5_t1_mg0.99_mm1_l2e+08_i5_s71934_diversified_m1_n100
TRUE	0.0043114456407338814	sampconfig_m0_w1.1_d0.5_t1_mg0.99_mm1_l2e+08_i5_s71934_diversified_m1_n100
FALSE	0.0024460610709743638	sampconfig_m0_w1.1_d0.5_t1_mg0.99_mm1_l2e+08_i6_s10386_diversified_m1_n100
TRUE	0.004166235970739399	sampconfig_m0_w1.1_d0.5_t1_mg0.99_mm1_l2e+08_i6_s10386_diversified_m1_n100
FALSE	0.0024217207384647278	sampconfig_m0_w1.1_d0.5_t1_mg0.99_mm1_l2e+08_i6_s69903_diversified_m1_n100
TRUE	0.004254283293394572	sampconfig_m0_w1.1_d0.5_t1_mg0.99_mm1_l2e+08_i6_s69903_diversified_m1_n100
FALSE	0.002440457346030649	sampconfig_m0_w1.1_d0.5_t1_mg0.99_mm1_l2e+08_i6_s75713_diversified_m1_n100
TRUE	0.004173814311954009	sampconfig_m0_w1.1_d0.5_t1_mg0.99_mm1_l2e+08_i6_s75713_diversified_m1_n100
FALSE	0.0024134936050710654	sampconfig_m0_w1.1_d0.5_t1_mg0.99_mm1_l2e+08_i7_s12650_diversified_m1_n100
TRUE	0.004362102958097298	sampconfig_m0_w1.1_d0.5_t1_mg0.99_mm1_l2e+08_i7_s12650_diversified_m1_n100
FALSE	0.002405323948344082	sampconfig_m0_w1.1_d0.5_t1_mg0.99_mm1_l2e+08_i7_s42078_diversified_m1_n100
TRUE	0.004190733008731258	sampconfig_m0_w1.1_d0.5_t1_mg0.99_mm1_l2e+08_i7_s42078_diversified_m1_n100
FALSE	0.0024627840140655417	sampconfig_m0_w1.1_d0.5_t1_mg0.99_mm1_l2e+08_i7_s44787_diversified_m1_n100
TRUE	0.004405868074641036	sampconfig_m0_w1.1_d0.5_t1_mg0.99_mm1_l2e+08_i7_s44787_diversified_m1_n100
FALSE	0.002465354168968042	sampconfig_m0_w1.1_d0.5_t1_mg0.99_mm1_l2e+08_i8_s21118_diversified_m1_n100
TRUE	0.0041173851097353	sampconfig_m0_w1.1_d0.5_t1_mg0.99_mm1_l2e+08_i8_s21118_diversified_m1_n100
FALSE	0.0024434125399030427	sampconfig_m0_w1.1_d0.5_t1_mg0.99_mm1_l2e+08_i8_s26710_diversified_m1_n100
TRUE	0.004174851247222858	sampconfig_m0_w1.1_d0.5_t1_mg0.99_mm1_l2e+08_i8_s26710_diversified_m1_n100
FALSE	0.002450242670391322	sampconfig_m0_w1.1_d0.5_t1_mg0.99_mm1_l2e+08_i8_s29137_diversified_m1_n100
TRUE	0.004310603400693308	sampconfig_m0_w1.1_d0.5_t1_mg0.99_mm1_l2e+08_i8_s29137_diversified_m1_n100
FALSE	0.0032709977382935997	sampconfig_m0_w1.1_d0.6_t1_mg0.99_mm1_l2e+08_i1_s10326_diversified_m1_n100
TRUE	0.004655246925871751	sampconfig_m0_w1.1_d0.6_t1_mg0.99_mm1_l2e+08_i1_s10326_diversified_m1_n100
FALSE	0.002921082009572842	sampconfig_m0_w1.1_d0.6_t1_mg0.99_mm1_l2e+08_i1_s22251_diversified_m1_n100
TRUE	0.004507707854553543	sampconfig_m0_w1.1_d0.6_t1_mg0.99_mm1_l2e+08_i1_s22251_diversified_m1_n100
FALSE	0.003295763462830696	sampconfig_m0_w1.1_d0.6_t1_mg0.99_mm1_l2e+08_i1_s22529_diversified_m1_n100
TRUE	0.004668156142684128	sampconfig_m0_w1.1_d0.6_t1_mg0.99_mm1_l2e+08_i1_s22529_diversified_m1_n100
FALSE	0.00287578146603672	sampconfig_m0_w1.1_d0.6_t1_mg0.99_mm1_l2e+08_i1_s34464_diversified_m1_n100
TRUE	0.00441101236204109	sampconfig_m0_w1.1_d0.6_t1_mg0.99_mm1_l2e+08_i1_s34464_diversified_m1_n100
FALSE	0.002891366410745294	sampconfig_m0_w1.1_d0.6_t1_mg0.99_mm1_l2e+08_i1_s71035_diversified_m1_n100
TRUE	0.004394539491194614	sampconfig_m0_w1.1_d0.6_t1_mg0.99_mm1_l2e+08_i1_s71035_diversified_m1_n100
FALSE	0.002900968776623453	sampconfig_m0_w1.1_d0.6_t1_mg0.99_mm1_l2e+08_i1_s84097_diversified_m1_n100
TRUE	0.0046042824853000245	sampconfig_m0_w1.1_d0.6_t1_mg0.99_mm1_l2e+08_i1_s84097_diversified_m1_n100
FALSE	0.003256118174733176	sampconfig_m0_w1.1_d0.6_t1_mg0.99_mm1_l2e+08_i1_s85465_diversified_m1_n100
TRUE	0.004474420025877012	sampconfig_m0_w1.1_d0.6_t1_mg0.99_mm1_l2e+08_i1_s85465_diversified_m1_n100
FALSE	0.0029003480318589192	sampconfig_m0_w1.1_d0.6_t1_mg0.99_mm1_l2e+08_i2_s15027_diversified_m1_n100
TRUE	0.004360357512621057	sampconfig_m0_w1.1_d0.6_t1_mg0.99_mm1_l2e+08_i2_s15027_diversified_m1_n100
FALSE	0.003204247866778581	sampconfig_m0_w1.1_d0.6_t1_mg0.99_mm1_l2e+08_i2_s2971_diversified_m1_n100
TRUE	0.004506531520407179	sampconfig_m0_w1.1_d0.6_t1_mg0.99_mm1_l2e+08_i2_s2971_diversified_m1_n100
FALSE	0.002890756153803451	sampconfig_m0_w1.1_d0.6_t1_mg0.99_mm1_l2e+08_i2_s89440_diversified_m1_n100
TRUE	0.0043646163951172705	sampconfig_m0_w1.1_d0.6_t1_mg0.99_mm1_l2e+08_i2_s89440_diversified_m1_n100
FALSE	0.0029079492703961425	sampconfig_m0_w1.1_d0.6_t1_mg0.99_mm1_l2e+08_i2_s99412_diversified_m1_n100
TRUE	0.004617695917732642	sampconfig_m0_w1.1_d0.6_t1_mg0.99_mm1_l2e+08_i2_s99412_diversified_m1_n100
FALSE	0.0029037093499231746	sampconfig_m0_w1.1_d0.6_t1_mg0.99_mm1_l2e+08_i3_s14393_diversified_m1_n100
TRUE	0.004439733889152497	sampconfig_m0_w1.1_d0.6_t1_mg0.99_mm1_l2e+08_i3_s14393_diversified_m1_n100
FALSE	0.002876739074309363	sampconfig_m0_w1.1_d0.6_t1_mg0.99_mm1_l2e+08_i3_s27741_diversified_m1_n100
TRUE	0.004416548531310644	sampconfig_m0_w1.1_d0.6_t1_mg0.99_mm1_l2e+08_i3_s27741_diversified_m1_n100
FALSE	0.0032536855900193325	sampconfig_m0_w1.1_d0.6_t1_mg0.99_mm1_l2e+08_i3_s57382_diversified_m1_n100
TRUE	0.004854556978932672	sampconfig_m0_w1.1_d0.6_t1_mg0.99_mm1_l2e+08_i3_s57382_diversified_m1_n100
FALSE	0.002882980050040652	sampconfig_m0_w1.1_d0.6_t1_mg0.99_mm1_l2e+08_i3_s72205_diversified_m1_n100
TRUE	0.0042687329035704215	sampconfig_m0_w1.1_d0.6_t1_mg0.99_mm1_l2e+08_i3_s72205_diversified_m1_n100
FALSE	0.0029313945677301514	sampconfig_m0_w1.1_d0.6_t1_mg0.99_mm1_l2e+08_i4_s25147_diversified_m1_n100
TRUE	0.004916754250541288	sampconfig_m0_w1.1_d0.6_t1_mg0.99_mm1_l2e+08_i4_s25147_diversified_m1_n100
FALSE	0.002882257899284834	sampconfig_m0_w1.1_d0.6_t1_mg0.99_mm1_l2e+08_i4_s3029_diversified_m1_n100
TRUE	0.004580892081666896	sampconfig_m0_w1.1_d0.6_t1_mg0.99_mm1_l2e+08_i4_s3029_diversified_m1_n100
FALSE	0.003249037251232241	sampconfig_m0_w1.1_d0.6_t1_mg0.99_mm1_l2e+08_i4_s72279_diversified_m1_n100
TRUE	0.004437567960771483	sampconfig_m0_w1.1_d0.6_t1_mg0.99_mm1_l2e+08_i4_s72279_diversified_m1_n100
FALSE	0.002861237227395031	sampconfig_m0_w1.1_d0.6_t1_mg0.99_mm1_l2e+08_i4_s92105_diversified_m1_n100
TRUE	0.0044447713095225735	sampconfig_m0_w1.1_d0.6_t1_mg0.99_mm1_l2e+08_i4_s92105_diversified_m1_n100
FALSE	0.0028953099565088517	sampconfig_m0_w1.1_d0.6_t1_mg0.99_mm1_l2e+08_i5_s25979_diversified_m1_n100
TRUE	0.004545370343056558	sampconfig_m0_w1.1_d0.6_t1_mg0.99_mm1_l2e+08_i5_s25979_diversified_m1_n100
FALSE	0.0029149651131226205	sampconfig_m0_w1.1_d0.6_t1_mg0.99_mm1_l2e+08_i5_s2714_diversified_m1_n100
TRUE	0.004534500858105953	sampconfig_m0_w1.1_d0.6_t1_mg0.99_mm1_l2e+08_i5_s2714_diversified_m1_n100
FALSE	0.002923022383526106	sampconfig_m0_w1.1_d0.6_t1_mg0.99_mm1_l2e+08_i5_s27621_diversified_m1_n100
TRUE	0.004319017935665981	sampconfig_m0_w1.1_d0.6_t1_mg0.99_mm1_l2e+08_i5_s27621_diversified_m1_n100
FALSE	0.0031685227745722427	sampconfig_m0_w1.1_d0.6_t1_mg0.99_mm1_l2e+08_i5_s85977_diversified_m1_n100
TRUE	0.004486439855060487	sampconfig_m0_w1.1_d0.6_t1_mg0.99_mm1_l2e+08_i5_s85977_diversified_m1_n100
FALSE	0.002887166865088883	sampconfig_m0_w1.1_d0.6_t1_mg0.99_mm1_l2e+08_i6_s41749_diversified_m1_n100
TRUE	0.004336927397010269	sampconfig_m0_w1.1_d0.6_t1_mg0.99_mm1_l2e+08_i6_s41749_diversified_m1_n100
FALSE	0.0029331290909022922	sampconfig_m0_w1.1_d0.6_t1_mg0.99_mm1_l2e+08_i6_s71019_diversified_m1_n100
TRUE	0.0045033546637071285	sampconfig_m0_w1.1_d0.6_t1_mg0.99_mm1_l2e+08_i6_s71019_diversified_m1_n100
FALSE	0.003246514709562835	sampconfig_m0_w1.1_d0.6_t1_mg0.99_mm1_l2e+08_i6_s72471_diversified_m1_n100
TRUE	0.004518144195824275	sampconfig_m0_w1.1_d0.6_t1_mg0.99_mm1_l2e+08_i6_s72471_diversified_m1_n100
FALSE	0.0029025803734868704	sampconfig_m0_w1.1_d0.6_t1_mg0.99_mm1_l2e+08_i6_s75523_diversified_m1_n100
TRUE	0.004199869833686062	sampconfig_m0_w1.1_d0.6_t1_mg0.99_mm1_l2e+08_i6_s75523_diversified_m1_n100
FALSE	0.002915157840806359	sampconfig_m0_w1.1_d0.6_t1_mg0.99_mm1_l2e+08_i7_s15570_diversified_m1_n100
TRUE	0.004585860934464436	sampconfig_m0_w1.1_d0.6_t1_mg0.99_mm1_l2e+08_i7_s15570_diversified_m1_n100
FALSE	0.0028915953048224024	sampconfig_m0_w1.1_d0.6_t1_mg0.99_mm1_l2e+08_i7_s29878_diversified_m1_n100
TRUE	0.004505244812064807	sampconfig_m0_w1.1_d0.6_t1_mg0.99_mm1_l2e+08_i7_s29878_diversified_m1_n100
FALSE	0.0032541229492780654	sampconfig_m0_w1.1_d0.6_t1_mg0.99_mm1_l2e+08_i7_s63085_diversified_m1_n100
TRUE	0.004636002281539372	sampconfig_m0_w1.1_d0.6_t1_mg0.99_mm1_l2e+08_i7_s63085_diversified_m1_n100
FALSE	0.0028832810242152237	sampconfig_m0_w1.1_d0.6_t1_mg0.99_mm1_l2e+08_i7_s88616_diversified_m1_n100
TRUE	0.004446189085871407	sampconfig_m0_w1.1_d0.6_t1_mg0.99_mm1_l2e+08_i7_s88616_diversified_m1_n100
FALSE	0.002872543375880667	sampconfig_m0_w1.1_d0.6_t1_mg0.99_mm1_l2e+08_i8_s2662_diversified_m1_n100
TRUE	0.004337069227702249	sampconfig_m0_w1.1_d0.6_t1_mg0.99_mm1_l2e+08_i8_s2662_diversified_m1_n100
FALSE	0.0029147336926866213	sampconfig_m0_w1.1_d0.6_t1_mg0.99_mm1_l2e+08_i8_s32679_diversified_m1_n100
TRUE	0.004525108682447514	sampconfig_m0_w1.1_d0.6_t1_mg0.99_mm1_l2e+08_i8_s32679_diversified_m1_n100
FALSE	0.0028873119191852965	sampconfig_m0_w1.1_d0.6_t1_mg0.99_mm1_l2e+08_i8_s69890_diversified_m1_n100
TRUE	0.004221935516907428	sampconfig_m0_w1.1_d0.6_t1_mg0.99_mm1_l2e+08_i8_s69890_diversified_m1_n100
FALSE	0.0032556605056030625	sampconfig_m0_w1.1_d0.6_t1_mg0.99_mm1_l2e+08_i8_s85248_diversified_m1_n100
TRUE	0.004560633427977184	sampconfig_m0_w1.1_d0.6_t1_mg0.99_mm1_l2e+08_i8_s85248_diversified_m1_n100
FALSE	0.003354767105406428	sampconfig_m0_w1.1_d0.7_t1_mg0.99_mm1_l2e+08_i1_s20287_diversified_m1_n100
TRUE	0.004605283903089711	sampconfig_m0_w1.1_d0.7_t1_mg0.99_mm1_l2e+08_i1_s20287_diversified_m1_n100
FALSE	0.003368283164026381	sampconfig_m0_w1.1_d0.7_t1_mg0.99_mm1_l2e+08_i1_s25431_diversified_m1_n100
TRUE	0.004961795483118337	sampconfig_m0_w1.1_d0.7_t1_mg0.99_mm1_l2e+08_i1_s25431_diversified_m1_n100
FALSE	0.003382192557919719	sampconfig_m0_w1.1_d0.7_t1_mg0.99_mm1_l2e+08_i1_s31749_diversified_m1_n100
TRUE	0.004600067400609247	sampconfig_m0_w1.1_d0.7_t1_mg0.99_mm1_l2e+08_i1_s31749_diversified_m1_n100
FALSE	0.0033672069903324772	sampconfig_m0_w1.1_d0.7_t1_mg0.99_mm1_l2e+08_i1_s35515_diversified_m1_n100
TRUE	0.004779353531499318	sampconfig_m0_w1.1_d0.7_t1_mg0.99_mm1_l2e+08_i1_s35515_diversified_m1_n100
FALSE	0.0033673518412813248	sampconfig_m0_w1.1_d0.7_t1_mg0.99_mm1_l2e+08_i2_s34236_diversified_m1_n100
TRUE	0.0046772878728447214	sampconfig_m0_w1.1_d0.7_t1_mg0.99_mm1_l2e+08_i2_s34236_diversified_m1_n100
FALSE	0.0033601001227964427	sampconfig_m0_w1.1_d0.7_t1_mg0.99_mm1_l2e+08_i2_s77065_diversified_m1_n100
TRUE	0.004750782617465866	sampconfig_m0_w1.1_d0.7_t1_mg0.99_mm1_l2e+08_i2_s77065_diversified_m1_n100
FALSE	0.0033573494000928086	sampconfig_m0_w1.1_d0.7_t1_mg0.99_mm1_l2e+08_i2_s94529_diversified_m1_n100
TRUE	0.0047180661058474705	sampconfig_m0_w1.1_d0.7_t1_mg0.99_mm1_l2e+08_i2_s94529_diversified_m1_n100
FALSE	0.003396197864595865	sampconfig_m0_w1.1_d0.7_t1_mg0.99_mm1_l2e+08_i3_s1059_diversified_m1_n100
TRUE	0.004933111335676901	sampconfig_m0_w1.1_d0.7_t1_mg0.99_mm1_l2e+08_i3_s1059_diversified_m1_n100
FALSE	0.0033687322033877126	sampconfig_m0_w1.1_d0.7_t1_mg0.99_mm1_l2e+08_i3_s28466_diversified_m1_n100
TRUE	0.004625723422173239	sampconfig_m0_w1.1_d0.7_t1_mg0.99_mm1_l2e+08_i3_s28466_diversified_m1_n100
FALSE	0.0033516289125124763	sampconfig_m0_w1.1_d0.7_t1_mg0.99_mm1_l2e+08_i3_s55145_diversified_m1_n100
TRUE	0.004568954589577566	sampconfig_m0_w1.1_d0.7_t1_mg0.99_mm1_l2e+08_i3_s55145_diversified_m1_n100
FALSE	0.003369337299174308	sampconfig_m0_w1.1_d0.7_t1_mg0.99_mm1_l2e+08_i4_s32302_diversified_m1_n100
TRUE	0.004499547881630988	sampconfig_m0_w1.1_d0.7_t1_mg0.99_mm1_l2e+08_i4_s32302_diversified_m1_n100
FALSE	0.0034017952324448693	sampconfig_m0_w1.1_d0.7_t1_mg0.99_mm1_l2e+08_i4_s37624_diversified_m1_n100
TRUE	0.004726799123205577	sampconfig_m0_w1.1_d0.7_t1_mg0.99_mm1_l2e+08_i4_s37624_diversified_m1_n100
FALSE	0.0033525618721023886	sampconfig_m0_w1.1_d0.7_t1_mg0.99_mm1_l2e+08_i4_s61434_diversified_m1_n100
TRUE	0.004468960583944007	sampconfig_m0_w1.1_d0.7_t1_mg0.99_mm1_l2e+08_i4_s61434_diversified_m1_n100
FALSE	0.003379927983674325	sampconfig_m0_w1.1_d0.7_t1_mg0.99_mm1_l2e+08_i5_s15112_diversified_m1_n100
TRUE	0.004696727833203052	sampconfig_m0_w1.1_d0.7_t1_mg0.99_mm1_l2e+08_i5_s15112_diversified_m1_n100
FALSE	0.003355916823021114	sampconfig_m0_w1.1_d0.7_t1_mg0.99_mm1_l2e+08_i5_s26999_diversified_m1_n100
TRUE	0.004522247391404705	sampconfig_m0_w1.1_d0.7_t1_mg0.99_mm1_l2e+08_i5_s26999_diversified_m1_n100
FALSE	0.003347325689935292	sampconfig_m0_w1.1_d0.7_t1_mg0.99_mm1_l2e+08_i5_s37299_diversified_m1_n100
TRUE	0.004679954025413486	sampconfig_m0_w1.1_d0.7_t1_mg0.99_mm1_l2e+08_i5_s37299_diversified_m1_n100
FALSE	0.0033976285289606663	sampconfig_m0_w1.1_d0.7_t1_mg0.99_mm1_l2e+08_i6_s58929_diversified_m1_n100
TRUE	0.004908972076172325	sampconfig_m0_w1.1_d0.7_t1_mg0.99_mm1_l2e+08_i6_s58929_diversified_m1_n100
FALSE	0.003364918766660831	sampconfig_m0_w1.1_d0.7_t1_mg0.99_mm1_l2e+08_i6_s80061_diversified_m1_n100
TRUE	0.004649571855530072	sampconfig_m0_w1.1_d0.7_t1_mg0.99_mm1_l2e+08_i6_s80061_diversified_m1_n100
FALSE	0.0033835376637928595	sampconfig_m0_w1.1_d0.7_t1_mg0.99_mm1_l2e+08_i6_s88154_diversified_m1_n100
TRUE	0.0046684994512342605	sampconfig_m0_w1.1_d0.7_t1_mg0.99_mm1_l2e+08_i6_s88154_diversified_m1_n100
FALSE	0.003352868610875173	sampconfig_m0_w1.1_d0.7_t1_mg0.99_mm1_l2e+08_i7_s65477_diversified_m1_n100
TRUE	0.004766929034449744	sampconfig_m0_w1.1_d0.7_t1_mg0.99_mm1_l2e+08_i7_s65477_diversified_m1_n100
FALSE	0.003394119456746331	sampconfig_m0_w1.1_d0.7_t1_mg0.99_mm1_l2e+08_i7_s80150_diversified_m1_n100
TRUE	0.0046449550317132346	sampconfig_m0_w1.1_d0.7_t1_mg0.99_mm1_l2e+08_i7_s80150_diversified_m1_n100
FALSE	0.003343846237861641	sampconfig_m0_w1.1_d0.7_t1_mg0.99_mm1_l2e+08_i7_s95375_diversified_m1_n100
TRUE	0.004678340217591988	sampconfig_m0_w1.1_d0.7_t1_mg0.99_mm1_l2e+08_i7_s95375_diversified_m1_n100
FALSE	0.003376027974788482	sampconfig_m0_w1.1_d0.7_t1_mg0.99_mm1_l2e+08_i8_s65779_diversified_m1_n100
TRUE	0.00463444666136631	sampconfig_m0_w1.1_d0.7_t1_mg0.99_mm1_l2e+08_i8_s65779_diversified_m1_n100
FALSE	0.0033850440238283167	sampconfig_m0_w1.1_d0.7_t1_mg0.99_mm1_l2e+08_i8_s68616_diversified_m1_n100
TRUE	0.00464354984769042	sampconfig_m0_w1.1_d0.7_t1_mg0.99_mm1_l2e+08_i8_s68616_diversified_m1_n100
FALSE	0.003370434431388783	sampconfig_m0_w1.1_d0.7_t1_mg0.99_mm1_l2e+08_i8_s91991_diversified_m1_n100
TRUE	0.004523906369707124	sampconfig_m0_w1.1_d0.7_t1_mg0.99_mm1_l2e+08_i8_s91991_diversified_m1_n100
FALSE	0.004170330771324849	sampconfig_m0_w1.1_d0.8_t1_mg0.99_mm1_l2e+08_i1_s20848_diversified_m1_n100
TRUE	0.0049291723801646705	sampconfig_m0_w1.1_d0.8_t1_mg0.99_mm1_l2e+08_i1_s20848_diversified_m1_n100
FALSE	0.003870396789606458	sampconfig_m0_w1.1_d0.8_t1_mg0.99_mm1_l2e+08_i1_s27521_diversified_m1_n100
TRUE	0.004871086763862618	sampconfig_m0_w1.1_d0.8_t1_mg0.99_mm1_l2e+08_i1_s27521_diversified_m1_n100
FALSE	0.004179688333946244	sampconfig_m0_w1.1_d0.8_t1_mg0.99_mm1_l2e+08_i1_s65294_diversified_m1_n100
TRUE	0.0050371843982147625	sampconfig_m0_w1.1_d0.8_t1_mg0.99_mm1_l2e+08_i1_s65294_diversified_m1_n100
FALSE	0.0038611453542350496	sampconfig_m0_w1.1_d0.8_t1_mg0.99_mm1_l2e+08_i1_s71410_diversified_m1_n100
TRUE	0.00508543800928609	sampconfig_m0_w1.1_d0.8_t1_mg0.99_mm1_l2e+08_i1_s71410_diversified_m1_n100
FALSE	0.004055230011141826	sampconfig_m0_w1.1_d0.8_t1_mg0.99_mm1_l2e+08_i1_s8130_diversified_m1_n100
TRUE	0.004690982633806069	sampconfig_m0_w1.1_d0.8_t1_mg0.99_mm1_l2e+08_i1_s8130_diversified_m1_n100
FALSE	0.0038117723933008447	sampconfig_m0_w1.1_d0.8_t1_mg0.99_mm1_l2e+08_i1_s9115_diversified_m1_n100
TRUE	0.004729976399157249	sampconfig_m0_w1.1_d0.8_t1_mg0.99_mm1_l2e+08_i1_s9115_diversified_m1_n100
FALSE	0.0038140721230945857	sampconfig_m0_w1.1_d0.8_t1_mg0.99_mm1_l2e+08_i1_s92288_diversified_m1_n100
TRUE	0.004754937911602569	sampconfig_m0_w1.1_d0.8_t1_mg0.99_mm1_l2e+08_i1_s92288_diversified_m1_n100
FALSE	0.003823472179767972	sampconfig_m0_w1.1_d0.8_t1_mg0.99_mm1_l2e+08_i2_s1625_diversified_m1_n100
TRUE	0.005112202703113487	sampconfig_m0_w1.1_d0.8_t1_mg0.99_mm1_l2e+08_i2_s1625_diversified_m1_n100
FALSE	0.003795106926019479	sampconfig_m0_w1.1_d0.8_t1_mg0.99_mm1_l2e+08_i2_s34485_diversified_m1_n100
TRUE	0.004673811355409165	sampconfig_m0_w1.1_d0.8_t1_mg0.99_mm1_l2e+08_i2_s34485_diversified_m1_n100
FALSE	0.003891512493369245	sampconfig_m0_w1.1_d0.8_t1_mg0.99_mm1_l2e+08_i2_s57657_diversified_m1_n100
TRUE	0.005030055786345094	sampconfig_m0_w1.1_d0.8_t1_mg0.99_mm1_l2e+08_i2_s57657_diversified_m1_n100
FALSE	0.00406865939192118	sampconfig_m0_w1.1_d0.8_t1_mg0.99_mm1_l2e+08_i2_s6307_diversified_m1_n100
TRUE	0.004701473876934187	sampconfig_m0_w1.1_d0.8_t1_mg0.99_mm1_l2e+08_i2_s6307_diversified_m1_n100
FALSE	0.004081874733751467	sampconfig_m0_w1.1_d0.8_t1_mg0.99_mm1_l2e+08_i3_s18011_diversified_m1_n100
TRUE	0.00473901105789059	sampconfig_m0_w1.1_d0.8_t1_mg0.99_mm1_l2e+08_i3_s18011_diversified_m1_n100
FALSE	0.003878993186391802	sampconfig_m0_w1.1_d0.8_t1_mg0.99_mm1_l2e+08_i3_s30443_diversified_m1_n100
TRUE	0.00479810824934988	sampconfig_m0_w1.1_d0.8_t1_mg0.99_mm1_l2e+08_i3_s30443_diversified_m1_n100
FALSE	0.003811472744559693	sampconfig_m0_w1.1_d0.8_t1_mg0.99_mm1_l2e+08_i3_s57390_diversified_m1_n100
TRUE	0.004930271879260056	sampconfig_m0_w1.1_d0.8_t1_mg0.99_mm1_l2e+08_i3_s57390_diversified_m1_n100
FALSE	0.0038519643118121007	sampconfig_m0_w1.1_d0.8_t1_mg0.99_mm1_l2e+08_i3_s77935_diversified_m1_n100
TRUE	0.005388151096912627	sampconfig_m0_w1.1_d0.8_t1_mg0.99_mm1_l2e+08_i3_s77935_diversified_m1_n100
FALSE	0.0038445317296121476	sampconfig_m0_w1.1_d0.8_t1_mg0.99_mm1_l2e+08_i4_s19218_diversified_m1_n100
TRUE	0.004823981077210929	sampconfig_m0_w1.1_d0.8_t1_mg0.99_mm1_l2e+08_i4_s19218_diversified_m1_n100
FALSE	0.0038713478393485805	sampconfig_m0_w1.1_d0.8_t1_mg0.99_mm1_l2e+08_i4_s21145_diversified_m1_n100
TRUE	0.004965492656612704	sampconfig_m0_w1.1_d0.8_t1_mg0.99_mm1_l2e+08_i4_s21145_diversified_m1_n100
FALSE	0.0038495796714154303	sampconfig_m0_w1.1_d0.8_t1_mg0.99_mm1_l2e+08_i4_s59255_diversified_m1_n100
TRUE	0.005103793238839179	sampconfig_m0_w1.1_d0.8_t1_mg0.99_mm1_l2e+08_i4_s59255_diversified_m1_n100
FALSE	0.004042293563929705	sampconfig_m0_w1.1_d0.8_t1_mg0.99_mm1_l2e+08_i4_s95189_diversified_m1_n100
TRUE	0.00470410545102941	sampconfig_m0_w1.1_d0.8_t1_mg0.99_mm1_l2e+08_i4_s95189_diversified_m1_n100
FALSE	0.0041424066107142825	sampconfig_m0_w1.1_d0.8_t1_mg0.99_mm1_l2e+08_i5_s15346_diversified_m1_n100
TRUE	0.0050739216294729194	sampconfig_m0_w1.1_d0.8_t1_mg0.99_mm1_l2e+08_i5_s15346_diversified_m1_n100
FALSE	0.003866579410516157	sampconfig_m0_w1.1_d0.8_t1_mg0.99_mm1_l2e+08_i5_s27240_diversified_m1_n100
TRUE	0.004759293185201312	sampconfig_m0_w1.1_d0.8_t1_mg0.99_mm1_l2e+08_i5_s27240_diversified_m1_n100
FALSE	0.0038444892109214873	sampconfig_m0_w1.1_d0.8_t1_mg0.99_mm1_l2e+08_i5_s59050_diversified_m1_n100
TRUE	0.005321904314226364	sampconfig_m0_w1.1_d0.8_t1_mg0.99_mm1_l2e+08_i5_s59050_diversified_m1_n100
FALSE	0.0038098152806769247	sampconfig_m0_w1.1_d0.8_t1_mg0.99_mm1_l2e+08_i5_s72448_diversified_m1_n100
TRUE	0.00501453427733679	sampconfig_m0_w1.1_d0.8_t1_mg0.99_mm1_l2e+08_i5_s72448_diversified_m1_n100
FALSE	0.004127176546434131	sampconfig_m0_w1.1_d0.8_t1_mg0.99_mm1_l2e+08_i6_s70790_diversified_m1_n100
TRUE	0.005035825046359892	sampconfig_m0_w1.1_d0.8_t1_mg0.99_mm1_l2e+08_i6_s70790_diversified_m1_n100
FALSE	0.003853196170325595	sampconfig_m0_w1.1_d0.8_t1_mg0.99_mm1_l2e+08_i6_s74637_diversified_m1_n100
TRUE	0.005159004371097442	sampconfig_m0_w1.1_d0.8_t1_mg0.99_mm1_l2e+08_i6_s74637_diversified_m1_n100
FALSE	0.003842719036707237	sampconfig_m0_w1.1_d0.8_t1_mg0.99_mm1_l2e+08_i6_s78600_diversified_m1_n100
TRUE	0.004950788419103513	sampconfig_m0_w1.1_d0.8_t1_mg0.99_mm1_l2e+08_i6_s78600_diversified_m1_n100
FALSE	0.0038519252019085875	sampconfig_m0_w1.1_d0.8_t1_mg0.99_mm1_l2e+08_i6_s93323_diversified_m1_n100
TRUE	0.004841347996299005	sampconfig_m0_w1.1_d0.8_t1_mg0.99_mm1_l2e+08_i6_s93323_diversified_m1_n100
FALSE	0.004085203153485345	sampconfig_m0_w1.1_d0.8_t1_mg0.99_mm1_l2e+08_i7_s12984_diversified_m1_n100
TRUE	0.004723965406992434	sampconfig_m0_w1.1_d0.8_t1_mg0.99_mm1_l2e+08_i7_s12984_diversified_m1_n100
FALSE	0.0038632607654347628	sampconfig_m0_w1.1_d0.8_t1_mg0.99_mm1_l2e+08_i7_s15517_diversified_m1_n100
TRUE	0.004784524585587886	sampconfig_m0_w1.1_d0.8_t1_mg0.99_mm1_l2e+08_i7_s15517_diversified_m1_n100
FALSE	0.003818009288534436	sampconfig_m0_w1.1_d0.8_t1_mg0.99_mm1_l2e+08_i7_s27521_diversified_m1_n100
TRUE	0.004675612188450238	sampconfig_m0_w1.1_d0.8_t1_mg0.99_mm1_l2e+08_i7_s27521_diversified_m1_n100
FALSE	0.0038329824072767344	sampconfig_m0_w1.1_d0.8_t1_mg0.99_mm1_l2e+08_i7_s8856_diversified_m1_n100
TRUE	0.004784890226741628	sampconfig_m0_w1.1_d0.8_t1_mg0.99_mm1_l2e+08_i7_s8856_diversified_m1_n100
FALSE	0.004177780095909392	sampconfig_m0_w1.1_d0.8_t1_mg0.99_mm1_l2e+08_i8_s22269_diversified_m1_n100
TRUE	0.004989715708371906	sampconfig_m0_w1.1_d0.8_t1_mg0.99_mm1_l2e+08_i8_s22269_diversified_m1_n100
FALSE	0.003866390326953211	sampconfig_m0_w1.1_d0.8_t1_mg0.99_mm1_l2e+08_i8_s49979_diversified_m1_n100
TRUE	0.005010903867752299	sampconfig_m0_w1.1_d0.8_t1_mg0.99_mm1_l2e+08_i8_s49979_diversified_m1_n100
FALSE	0.0038112726254195413	sampconfig_m0_w1.1_d0.8_t1_mg0.99_mm1_l2e+08_i8_s52540_diversified_m1_n100
TRUE	0.00476423212128757	sampconfig_m0_w1.1_d0.8_t1_mg0.99_mm1_l2e+08_i8_s52540_diversified_m1_n100
FALSE	0.003828879742016259	sampconfig_m0_w1.1_d0.8_t1_mg0.99_mm1_l2e+08_i8_s97992_diversified_m1_n100
TRUE	0.0051803980735639485	sampconfig_m0_w1.1_d0.8_t1_mg0.99_mm1_l2e+08_i8_s97992_diversified_m1_n100
FALSE	4.4661066095018326e-4	sampconfig_m0_w1.1_d0_t1_mg0.99_mm1_l2e+08_i1_s17803_diversified_m1_n100
TRUE	0.003540304415683517	sampconfig_m0_w1.1_d0_t1_mg0.99_mm1_l2e+08_i1_s17803_diversified_m1_n100
FALSE	1.0446500588655738e-4	sampconfig_m0_w1.1_d0_t1_mg0.99_mm1_l2e+08_i1_s31491_diversified_m1_n100
TRUE	0.003755076765218083	sampconfig_m0_w1.1_d0_t1_mg0.99_mm1_l2e+08_i1_s31491_diversified_m1_n100
FALSE	1.0677407303396748e-4	sampconfig_m0_w1.1_d0_t1_mg0.99_mm1_l2e+08_i1_s48867_diversified_m1_n100
TRUE	0.003668820699382065	sampconfig_m0_w1.1_d0_t1_mg0.99_mm1_l2e+08_i1_s48867_diversified_m1_n100
FALSE	4.543086434830598e-4	sampconfig_m0_w1.1_d0_t1_mg0.99_mm1_l2e+08_i1_s49939_diversified_m1_n100
TRUE	0.0038751967517412678	sampconfig_m0_w1.1_d0_t1_mg0.99_mm1_l2e+08_i1_s49939_diversified_m1_n100
FALSE	1.0458542230648308e-4	sampconfig_m0_w1.1_d0_t1_mg0.99_mm1_l2e+08_i1_s53699_diversified_m1_n100
TRUE	0.0036680540959902904	sampconfig_m0_w1.1_d0_t1_mg0.99_mm1_l2e+08_i1_s53699_diversified_m1_n100
FALSE	1.0781375589024439e-4	sampconfig_m0_w1.1_d0_t1_mg0.99_mm1_l2e+08_i1_s56527_diversified_m1_n100
TRUE	0.003641771053013742	sampconfig_m0_w1.1_d0_t1_mg0.99_mm1_l2e+08_i1_s56527_diversified_m1_n100
FALSE	4.5700156310169365e-4	sampconfig_m0_w1.1_d0_t1_mg0.99_mm1_l2e+08_i1_s7021_diversified_m1_n100
TRUE	0.003553479623650864	sampconfig_m0_w1.1_d0_t1_mg0.99_mm1_l2e+08_i1_s7021_diversified_m1_n100
FALSE	4.3616904973066325e-4	sampconfig_m0_w1.1_d0_t1_mg0.99_mm1_l2e+08_i2_s47298_diversified_m1_n100
TRUE	0.003527874288824336	sampconfig_m0_w1.1_d0_t1_mg0.99_mm1_l2e+08_i2_s47298_diversified_m1_n100
FALSE	9.690235575942718e-5	sampconfig_m0_w1.1_d0_t1_mg0.99_mm1_l2e+08_i2_s48057_diversified_m1_n100
TRUE	0.0037076685746168484	sampconfig_m0_w1.1_d0_t1_mg0.99_mm1_l2e+08_i2_s48057_diversified_m1_n100
FALSE	1.0757735639285418e-4	sampconfig_m0_w1.1_d0_t1_mg0.99_mm1_l2e+08_i2_s79258_diversified_m1_n100
TRUE	0.0037416963500503217	sampconfig_m0_w1.1_d0_t1_mg0.99_mm1_l2e+08_i2_s79258_diversified_m1_n100
FALSE	1.0585566578740769e-4	sampconfig_m0_w1.1_d0_t1_mg0.99_mm1_l2e+08_i2_s84933_diversified_m1_n100
TRUE	0.003846159700522241	sampconfig_m0_w1.1_d0_t1_mg0.99_mm1_l2e+08_i2_s84933_diversified_m1_n100
FALSE	4.6629991257587965e-4	sampconfig_m0_w1.1_d0_t1_mg0.99_mm1_l2e+08_i3_s11982_diversified_m1_n100
TRUE	0.00367761597220027	sampconfig_m0_w1.1_d0_t1_mg0.99_mm1_l2e+08_i3_s11982_diversified_m1_n100
FALSE	1.0390431271731092e-4	sampconfig_m0_w1.1_d0_t1_mg0.99_mm1_l2e+08_i3_s12222_diversified_m1_n100
TRUE	0.0037274422872177575	sampconfig_m0_w1.1_d0_t1_mg0.99_mm1_l2e+08_i3_s12222_diversified_m1_n100
FALSE	1.0424476267117403e-4	sampconfig_m0_w1.1_d0_t1_mg0.99_mm1_l2e+08_i3_s73938_diversified_m1_n100
TRUE	0.0037362781601776437	sampconfig_m0_w1.1_d0_t1_mg0.99_mm1_l2e+08_i3_s73938_diversified_m1_n100
FALSE	1.0451465032201344e-4	sampconfig_m0_w1.1_d0_t1_mg0.99_mm1_l2e+08_i3_s94367_diversified_m1_n100
TRUE	0.003610941355744219	sampconfig_m0_w1.1_d0_t1_mg0.99_mm1_l2e+08_i3_s94367_diversified_m1_n100
FALSE	1.0173386565810634e-4	sampconfig_m0_w1.1_d0_t1_mg0.99_mm1_l2e+08_i4_s28366_diversified_m1_n100
TRUE	0.0036142458308662936	sampconfig_m0_w1.1_d0_t1_mg0.99_mm1_l2e+08_i4_s28366_diversified_m1_n100
FALSE	1.0785231310409584e-4	sampconfig_m0_w1.1_d0_t1_mg0.99_mm1_l2e+08_i4_s36906_diversified_m1_n100
TRUE	0.0037516904075860164	sampconfig_m0_w1.1_d0_t1_mg0.99_mm1_l2e+08_i4_s36906_diversified_m1_n100
FALSE	1.0029014081206649e-4	sampconfig_m0_w1.1_d0_t1_mg0.99_mm1_l2e+08_i4_s82274_diversified_m1_n100
TRUE	0.003572890635584927	sampconfig_m0_w1.1_d0_t1_mg0.99_mm1_l2e+08_i4_s82274_diversified_m1_n100
FALSE	4.4890527241284715e-4	sampconfig_m0_w1.1_d0_t1_mg0.99_mm1_l2e+08_i4_s94984_diversified_m1_n100
TRUE	0.0035377262667906435	sampconfig_m0_w1.1_d0_t1_mg0.99_mm1_l2e+08_i4_s94984_diversified_m1_n100
FALSE	1.0265325754339264e-4	sampconfig_m0_w1.1_d0_t1_mg0.99_mm1_l2e+08_i5_s19959_diversified_m1_n100
TRUE	0.0036188659171918565	sampconfig_m0_w1.1_d0_t1_mg0.99_mm1_l2e+08_i5_s19959_diversified_m1_n100
FALSE	9.99853634839229e-5	sampconfig_m0_w1.1_d0_t1_mg0.99_mm1_l2e+08_i5_s46784_diversified_m1_n100
TRUE	0.003589474049336418	sampconfig_m0_w1.1_d0_t1_mg0.99_mm1_l2e+08_i5_s46784_diversified_m1_n100
FALSE	4.179105924169626e-4	sampconfig_m0_w1.1_d0_t1_mg0.99_mm1_l2e+08_i5_s53759_diversified_m1_n100
TRUE	0.003477233251866001	sampconfig_m0_w1.1_d0_t1_mg0.99_mm1_l2e+08_i5_s53759_diversified_m1_n100
FALSE	1.0351844846915372e-4	sampconfig_m0_w1.1_d0_t1_mg0.99_mm1_l2e+08_i5_s71448_diversified_m1_n100
TRUE	0.003882555722446362	sampconfig_m0_w1.1_d0_t1_mg0.99_mm1_l2e+08_i5_s71448_diversified_m1_n100
FALSE	1.060972100948761e-4	sampconfig_m0_w1.1_d0_t1_mg0.99_mm1_l2e+08_i6_s49427_diversified_m1_n100
TRUE	0.0035465408559359783	sampconfig_m0_w1.1_d0_t1_mg0.99_mm1_l2e+08_i6_s49427_diversified_m1_n100
FALSE	1.0736953502404608e-4	sampconfig_m0_w1.1_d0_t1_mg0.99_mm1_l2e+08_i6_s59393_diversified_m1_n100
TRUE	0.004026041386355339	sampconfig_m0_w1.1_d0_t1_mg0.99_mm1_l2e+08_i6_s59393_diversified_m1_n100
FALSE	4.41334186677058e-4	sampconfig_m0_w1.1_d0_t1_mg0.99_mm1_l2e+08_i6_s6256_diversified_m1_n100
TRUE	0.003603218905575156	sampconfig_m0_w1.1_d0_t1_mg0.99_mm1_l2e+08_i6_s6256_diversified_m1_n100
FALSE	1.0442055114438475e-4	sampconfig_m0_w1.1_d0_t1_mg0.99_mm1_l2e+08_i6_s8840_diversified_m1_n100
TRUE	0.0037334116480975017	sampconfig_m0_w1.1_d0_t1_mg0.99_mm1_l2e+08_i6_s8840_diversified_m1_n100
FALSE	1.0149954430328168e-4	sampconfig_m0_w1.1_d0_t1_mg0.99_mm1_l2e+08_i7_s26199_diversified_m1_n100
TRUE	0.003659400392310958	sampconfig_m0_w1.1_d0_t1_mg0.99_mm1_l2e+08_i7_s26199_diversified_m1_n100
FALSE	1.0097992073584646e-4	sampconfig_m0_w1.1_d0_t1_mg0.99_mm1_l2e+08_i7_s81393_diversified_m1_n100
TRUE	0.003514602577620988	sampconfig_m0_w1.1_d0_t1_mg0.99_mm1_l2e+08_i7_s81393_diversified_m1_n100
FALSE	1.0672664113732073e-4	sampconfig_m0_w1.1_d0_t1_mg0.99_mm1_l2e+08_i7_s89721_diversified_m1_n100
TRUE	0.003657344722628254	sampconfig_m0_w1.1_d0_t1_mg0.99_mm1_l2e+08_i7_s89721_diversified_m1_n100
FALSE	4.578716114860604e-4	sampconfig_m0_w1.1_d0_t1_mg0.99_mm1_l2e+08_i7_s91575_diversified_m1_n100
TRUE	0.0036604951577525286	sampconfig_m0_w1.1_d0_t1_mg0.99_mm1_l2e+08_i7_s91575_diversified_m1_n100
FALSE	1.0907974864732125e-4	sampconfig_m0_w1.1_d0_t1_mg0.99_mm1_l2e+08_i8_s25186_diversified_m1_n100
TRUE	0.0036211928523289328	sampconfig_m0_w1.1_d0_t1_mg0.99_mm1_l2e+08_i8_s25186_diversified_m1_n100
FALSE	4.135431245291638e-4	sampconfig_m0_w1.1_d0_t1_mg0.99_mm1_l2e+08_i8_s44398_diversified_m1_n100
TRUE	0.0035727748422487754	sampconfig_m0_w1.1_d0_t1_mg0.99_mm1_l2e+08_i8_s44398_diversified_m1_n100
FALSE	1.0706288616051155e-4	sampconfig_m0_w1.1_d0_t1_mg0.99_mm1_l2e+08_i8_s49085_diversified_m1_n100
TRUE	0.0036596339117503864	sampconfig_m0_w1.1_d0_t1_mg0.99_mm1_l2e+08_i8_s49085_diversified_m1_n100
FALSE	1.0276318658661007e-4	sampconfig_m0_w1.1_d0_t1_mg0.99_mm1_l2e+08_i8_s66202_diversified_m1_n100
TRUE	0.003711575769862375	sampconfig_m0_w1.1_d0_t1_mg0.99_mm1_l2e+08_i8_s66202_diversified_m1_n100
FALSE	0.001030982143258611	sampconfig_m0_w1_d0.2_t1_mg1_mm0.99_l2e+08_i1_s10409_diversified_m1_n100
TRUE	0.0037889067866208733	sampconfig_m0_w1_d0.2_t1_mg1_mm0.99_l2e+08_i1_s10409_diversified_m1_n100
FALSE	0.001036181938252493	sampconfig_m0_w1_d0.2_t1_mg1_mm0.99_l2e+08_i1_s18812_diversified_m1_n100
TRUE	0.0038036727889713207	sampconfig_m0_w1_d0.2_t1_mg1_mm0.99_l2e+08_i1_s18812_diversified_m1_n100
FALSE	0.001025207032979258	sampconfig_m0_w1_d0.2_t1_mg1_mm0.99_l2e+08_i1_s91485_diversified_m1_n100
TRUE	0.0037990818323826205	sampconfig_m0_w1_d0.2_t1_mg1_mm0.99_l2e+08_i1_s91485_diversified_m1_n100
FALSE	0.0010564564436523008	sampconfig_m0_w1_d0.2_t1_mg1_mm0.99_l2e+08_i2_s2218_diversified_m1_n100
TRUE	0.0037444485512573276	sampconfig_m0_w1_d0.2_t1_mg1_mm0.99_l2e+08_i2_s2218_diversified_m1_n100
FALSE	0.0010450878898614537	sampconfig_m0_w1_d0.2_t1_mg1_mm0.99_l2e+08_i3_s17997_diversified_m1_n100
TRUE	0.003836559838788786	sampconfig_m0_w1_d0.2_t1_mg1_mm0.99_l2e+08_i3_s17997_diversified_m1_n100
FALSE	0.0010313124322938294	sampconfig_m0_w1_d0.2_t1_mg1_mm0.99_l2e+08_i4_s82983_diversified_m1_n100
TRUE	0.003760121895123126	sampconfig_m0_w1_d0.2_t1_mg1_mm0.99_l2e+08_i4_s82983_diversified_m1_n100
FALSE	0.0010495994857069103	sampconfig_m0_w1_d0.2_t1_mg1_mm0.99_l2e+08_i5_s44208_diversified_m1_n100
TRUE	0.0038318800663611637	sampconfig_m0_w1_d0.2_t1_mg1_mm0.99_l2e+08_i5_s44208_diversified_m1_n100
FALSE	0.0010413920515130542	sampconfig_m0_w1_d0.2_t1_mg1_mm0.99_l2e+08_i6_s41_diversified_m1_n100
TRUE	0.003769301065387616	sampconfig_m0_w1_d0.2_t1_mg1_mm0.99_l2e+08_i6_s41_diversified_m1_n100
FALSE	0.0010562556276189035	sampconfig_m0_w1_d0.2_t1_mg1_mm0.99_l2e+08_i7_s2164_diversified_m1_n100
TRUE	0.0038527371287880264	sampconfig_m0_w1_d0.2_t1_mg1_mm0.99_l2e+08_i7_s2164_diversified_m1_n100
FALSE	0.0010435188436403817	sampconfig_m0_w1_d0.2_t1_mg1_mm0.99_l2e+08_i8_s37703_diversified_m1_n100
TRUE	0.0038270235427164635	sampconfig_m0_w1_d0.2_t1_mg1_mm0.99_l2e+08_i8_s37703_diversified_m1_n100
FALSE	0.001025530472310294	sampconfig_m0_w1_d0.2_t1_mg1_mm1_l2e+08_i1_s11652_diversified_m1_n100
TRUE	0.0037692150019999365	sampconfig_m0_w1_d0.2_t1_mg1_mm1_l2e+08_i1_s11652_diversified_m1_n100
FALSE	0.001034604053873892	sampconfig_m0_w1_d0.2_t1_mg1_mm1_l2e+08_i1_s15745_diversified_m1_n100
TRUE	0.0035799305093178425	sampconfig_m0_w1_d0.2_t1_mg1_mm1_l2e+08_i1_s15745_diversified_m1_n100
FALSE	0.0010387259167178016	sampconfig_m0_w1_d0.2_t1_mg1_mm1_l2e+08_i1_s4522_diversified_m1_n100
TRUE	0.003788007327700203	sampconfig_m0_w1_d0.2_t1_mg1_mm1_l2e+08_i1_s4522_diversified_m1_n100
FALSE	0.0010595534565773612	sampconfig_m0_w1_d0.2_t1_mg1_mm1_l2e+08_i1_s8001_diversified_m1_n100
TRUE	0.0037658367113585513	sampconfig_m0_w1_d0.2_t1_mg1_mm1_l2e+08_i1_s8001_diversified_m1_n100
FALSE	0.0025344131999230934	sampconfig_m0_w1_d0.2_t1_mg1_mm1_l2e+08_i1_s81831_diversified_m1_n100
TRUE	0.004062514699563646	sampconfig_m0_w1_d0.2_t1_mg1_mm1_l2e+08_i1_s81831_diversified_m1_n100
FALSE	0.001044388718998611	sampconfig_m0_w1_d0.2_t1_mg1_mm1_l2e+08_i1_s81842_diversified_m1_n100
TRUE	0.0036099687118581513	sampconfig_m0_w1_d0.2_t1_mg1_mm1_l2e+08_i1_s81842_diversified_m1_n100
FALSE	0.0010338392223527663	sampconfig_m0_w1_d0.2_t1_mg1_mm1_l2e+08_i1_s82181_diversified_m1_n100
TRUE	0.0035737762927476667	sampconfig_m0_w1_d0.2_t1_mg1_mm1_l2e+08_i1_s82181_diversified_m1_n100
FALSE	0.0010442007943075198	sampconfig_m0_w1_d0.2_t1_mg1_mm1_l2e+08_i2_s11207_diversified_m1_n100
TRUE	0.0038173477565082397	sampconfig_m0_w1_d0.2_t1_mg1_mm1_l2e+08_i2_s11207_diversified_m1_n100
FALSE	0.0010556160557190536	sampconfig_m0_w1_d0.2_t1_mg1_mm1_l2e+08_i2_s19907_diversified_m1_n100
TRUE	0.003574543047980769	sampconfig_m0_w1_d0.2_t1_mg1_mm1_l2e+08_i2_s19907_diversified_m1_n100
FALSE	0.002486121518234844	sampconfig_m0_w1_d0.2_t1_mg1_mm1_l2e+08_i2_s38918_diversified_m1_n100
TRUE	0.003993405648802695	sampconfig_m0_w1_d0.2_t1_mg1_mm1_l2e+08_i2_s38918_diversified_m1_n100
FALSE	0.0010350735065267778	sampconfig_m0_w1_d0.2_t1_mg1_mm1_l2e+08_i3_s14380_diversified_m1_n100
TRUE	0.003559333003347355	sampconfig_m0_w1_d0.2_t1_mg1_mm1_l2e+08_i3_s14380_diversified_m1_n100
FALSE	0.00250607342245177	sampconfig_m0_w1_d0.2_t1_mg1_mm1_l2e+08_i3_s40361_diversified_m1_n100
TRUE	0.00398867877622183	sampconfig_m0_w1_d0.2_t1_mg1_mm1_l2e+08_i3_s40361_diversified_m1_n100
FALSE	0.0010340692368222366	sampconfig_m0_w1_d0.2_t1_mg1_mm1_l2e+08_i3_s95549_diversified_m1_n100
TRUE	0.003713010285200865	sampconfig_m0_w1_d0.2_t1_mg1_mm1_l2e+08_i3_s95549_diversified_m1_n100
FALSE	0.00252814830395655	sampconfig_m0_w1_d0.2_t1_mg1_mm1_l2e+08_i4_s27864_diversified_m1_n100
TRUE	0.003997765224408714	sampconfig_m0_w1_d0.2_t1_mg1_mm1_l2e+08_i4_s27864_diversified_m1_n100
FALSE	0.0010292528499459652	sampconfig_m0_w1_d0.2_t1_mg1_mm1_l2e+08_i4_s45767_diversified_m1_n100
TRUE	0.003812154696132595	sampconfig_m0_w1_d0.2_t1_mg1_mm1_l2e+08_i4_s45767_diversified_m1_n100
FALSE	0.0010544564163696383	sampconfig_m0_w1_d0.2_t1_mg1_mm1_l2e+08_i4_s78943_diversified_m1_n100
TRUE	0.00359434595859662	sampconfig_m0_w1_d0.2_t1_mg1_mm1_l2e+08_i4_s78943_diversified_m1_n100
FALSE	0.0010447931053830435	sampconfig_m0_w1_d0.2_t1_mg1_mm1_l2e+08_i5_s50164_diversified_m1_n100
TRUE	0.003576938696364525	sampconfig_m0_w1_d0.2_t1_mg1_mm1_l2e+08_i5_s50164_diversified_m1_n100
FALSE	0.0010447133315466572	sampconfig_m0_w1_d0.2_t1_mg1_mm1_l2e+08_i5_s6160_diversified_m1_n100
TRUE	0.0038016667072771643	sampconfig_m0_w1_d0.2_t1_mg1_mm1_l2e+08_i5_s6160_diversified_m1_n100
FALSE	0.002548462821341034	sampconfig_m0_w1_d0.2_t1_mg1_mm1_l2e+08_i5_s72004_diversified_m1_n100
TRUE	0.00404592064435369	sampconfig_m0_w1_d0.2_t1_mg1_mm1_l2e+08_i5_s72004_diversified_m1_n100
FALSE	0.002526295753978722	sampconfig_m0_w1_d0.2_t1_mg1_mm1_l2e+08_i6_s15832_diversified_m1_n100
TRUE	0.004035135606868125	sampconfig_m0_w1_d0.2_t1_mg1_mm1_l2e+08_i6_s15832_diversified_m1_n100
FALSE	0.001021041155224454	sampconfig_m0_w1_d0.2_t1_mg1_mm1_l2e+08_i6_s69674_diversified_m1_n100
TRUE	0.0038133841871756226	sampconfig_m0_w1_d0.2_t1_mg1_mm1_l2e+08_i6_s69674_diversified_m1_n100
FALSE	0.0010322009886336878	sampconfig_m0_w1_d0.2_t1_mg1_mm1_l2e+08_i6_s79176_diversified_m1_n100
TRUE	0.003548033188688822	sampconfig_m0_w1_d0.2_t1_mg1_mm1_l2e+08_i6_s79176_diversified_m1_n100
FALSE	0.001040258683455392	sampconfig_m0_w1_d0.2_t1_mg1_mm1_l2e+08_i7_s3157_diversified_m1_n100
TRUE	0.003755121465166599	sampconfig_m0_w1_d0.2_t1_mg1_mm1_l2e+08_i7_s3157_diversified_m1_n100
FALSE	0.0010597334278532361	sampconfig_m0_w1_d0.2_t1_mg1_mm1_l2e+08_i7_s44022_diversified_m1_n100
TRUE	0.003581654151208692	sampconfig_m0_w1_d0.2_t1_mg1_mm1_l2e+08_i7_s44022_diversified_m1_n100
FALSE	0.0025063317935032675	sampconfig_m0_w1_d0.2_t1_mg1_mm1_l2e+08_i7_s95791_diversified_m1_n100
TRUE	0.003997809520700213	sampconfig_m0_w1_d0.2_t1_mg1_mm1_l2e+08_i7_s95791_diversified_m1_n100
FALSE	0.0010358678540954877	sampconfig_m0_w1_d0.2_t1_mg1_mm1_l2e+08_i8_s37523_diversified_m1_n100
TRUE	0.0037673741807340093	sampconfig_m0_w1_d0.2_t1_mg1_mm1_l2e+08_i8_s37523_diversified_m1_n100
FALSE	0.0025218134818988237	sampconfig_m0_w1_d0.2_t1_mg1_mm1_l2e+08_i8_s50277_diversified_m1_n100
TRUE	0.004030625491345956	sampconfig_m0_w1_d0.2_t1_mg1_mm1_l2e+08_i8_s50277_diversified_m1_n100
FALSE	0.0010731259754436786	sampconfig_m0_w1_d0.2_t1_mg1_mm1_l2e+08_i8_s84050_diversified_m1_n100
TRUE	0.0036374358929548364	sampconfig_m0_w1_d0.2_t1_mg1_mm1_l2e+08_i8_s84050_diversified_m1_n100
FALSE	0.0019520069715135153	sampconfig_m0_w1_d0.4_t1_mg1_mm0.99_l2e+08_i1_s57121_diversified_m1_n100
TRUE	0.003970912479725866	sampconfig_m0_w1_d0.4_t1_mg1_mm0.99_l2e+08_i1_s57121_diversified_m1_n100
FALSE	0.0019757144559676603	sampconfig_m0_w1_d0.4_t1_mg1_mm0.99_l2e+08_i1_s63189_diversified_m1_n100
TRUE	0.003927245058064726	sampconfig_m0_w1_d0.4_t1_mg1_mm0.99_l2e+08_i1_s63189_diversified_m1_n100
FALSE	0.001956414489554449	sampconfig_m0_w1_d0.4_t1_mg1_mm0.99_l2e+08_i1_s7064_diversified_m1_n100
TRUE	0.004004595763576195	sampconfig_m0_w1_d0.4_t1_mg1_mm0.99_l2e+08_i1_s7064_diversified_m1_n100
FALSE	0.0019703208929311997	sampconfig_m0_w1_d0.4_t1_mg1_mm0.99_l2e+08_i2_s39413_diversified_m1_n100
TRUE	0.0039520968111019204	sampconfig_m0_w1_d0.4_t1_mg1_mm0.99_l2e+08_i2_s39413_diversified_m1_n100
FALSE	0.0019635637197916588	sampconfig_m0_w1_d0.4_t1_mg1_mm0.99_l2e+08_i3_s11748_diversified_m1_n100
TRUE	0.003969694847609441	sampconfig_m0_w1_d0.4_t1_mg1_mm0.99_l2e+08_i3_s11748_diversified_m1_n100
FALSE	0.001966415246309875	sampconfig_m0_w1_d0.4_t1_mg1_mm0.99_l2e+08_i4_s29104_diversified_m1_n100
TRUE	0.0039579038055081815	sampconfig_m0_w1_d0.4_t1_mg1_mm0.99_l2e+08_i4_s29104_diversified_m1_n100
FALSE	0.001953759104649592	sampconfig_m0_w1_d0.4_t1_mg1_mm0.99_l2e+08_i5_s23520_diversified_m1_n100
TRUE	0.003938250565779776	sampconfig_m0_w1_d0.4_t1_mg1_mm0.99_l2e+08_i5_s23520_diversified_m1_n100
FALSE	0.001957356099696113	sampconfig_m0_w1_d0.4_t1_mg1_mm0.99_l2e+08_i6_s25481_diversified_m1_n100
TRUE	0.003956470159641094	sampconfig_m0_w1_d0.4_t1_mg1_mm0.99_l2e+08_i6_s25481_diversified_m1_n100
FALSE	0.001944895609648153	sampconfig_m0_w1_d0.4_t1_mg1_mm0.99_l2e+08_i7_s61065_diversified_m1_n100
TRUE	0.003946750691521186	sampconfig_m0_w1_d0.4_t1_mg1_mm0.99_l2e+08_i7_s61065_diversified_m1_n100
FALSE	0.0019779851059860123	sampconfig_m0_w1_d0.4_t1_mg1_mm0.99_l2e+08_i8_s25706_diversified_m1_n100
TRUE	0.003993429187327893	sampconfig_m0_w1_d0.4_t1_mg1_mm0.99_l2e+08_i8_s25706_diversified_m1_n100
FALSE	0.0019602772886958	sampconfig_m0_w1_d0.4_t1_mg1_mm1_l2e+08_i1_s27140_diversified_m1_n100
TRUE	0.003787303971589816	sampconfig_m0_w1_d0.4_t1_mg1_mm1_l2e+08_i1_s27140_diversified_m1_n100
FALSE	0.0019662740766199995	sampconfig_m0_w1_d0.4_t1_mg1_mm1_l2e+08_i1_s33160_diversified_m1_n100
TRUE	0.0037467209153474097	sampconfig_m0_w1_d0.4_t1_mg1_mm1_l2e+08_i1_s33160_diversified_m1_n100
FALSE	0.0019560855858009895	sampconfig_m0_w1_d0.4_t1_mg1_mm1_l2e+08_i1_s82216_diversified_m1_n100
TRUE	0.0038089740354614356	sampconfig_m0_w1_d0.4_t1_mg1_mm1_l2e+08_i1_s82216_diversified_m1_n100
FALSE	0.0019781416174429398	sampconfig_m0_w1_d0.4_t1_mg1_mm1_l2e+08_i2_s85678_diversified_m1_n100
TRUE	0.0037672620213330316	sampconfig_m0_w1_d0.4_t1_mg1_mm1_l2e+08_i2_s85678_diversified_m1_n100
FALSE	0.0019598179576456026	sampconfig_m0_w1_d0.4_t1_mg1_mm1_l2e+08_i3_s99262_diversified_m1_n100
TRUE	0.003784838956658612	sampconfig_m0_w1_d0.4_t1_mg1_mm1_l2e+08_i3_s99262_diversified_m1_n100
FALSE	0.00195982128724666	sampconfig_m0_w1_d0.4_t1_mg1_mm1_l2e+08_i4_s39142_diversified_m1_n100
TRUE	0.0037869683020451414	sampconfig_m0_w1_d0.4_t1_mg1_mm1_l2e+08_i4_s39142_diversified_m1_n100
FALSE	0.0019542134252730375	sampconfig_m0_w1_d0.4_t1_mg1_mm1_l2e+08_i5_s53981_diversified_m1_n100
TRUE	0.0038120347086946747	sampconfig_m0_w1_d0.4_t1_mg1_mm1_l2e+08_i5_s53981_diversified_m1_n100
FALSE	0.0019580836577089236	sampconfig_m0_w1_d0.4_t1_mg1_mm1_l2e+08_i6_s55433_diversified_m1_n100
TRUE	0.003827566383879704	sampconfig_m0_w1_d0.4_t1_mg1_mm1_l2e+08_i6_s55433_diversified_m1_n100
FALSE	0.0019783079675541188	sampconfig_m0_w1_d0.4_t1_mg1_mm1_l2e+08_i7_s48595_diversified_m1_n100
TRUE	0.003810530780173907	sampconfig_m0_w1_d0.4_t1_mg1_mm1_l2e+08_i7_s48595_diversified_m1_n100
FALSE	0.001960847981585249	sampconfig_m0_w1_d0.4_t1_mg1_mm1_l2e+08_i8_s6616_diversified_m1_n100
TRUE	0.0037786067690068763	sampconfig_m0_w1_d0.4_t1_mg1_mm1_l2e+08_i8_s6616_diversified_m1_n100
FALSE	0.002890678021656882	sampconfig_m0_w1_d0.6_t1_mg1_mm0.99_l2e+08_i1_s41624_diversified_m1_n100
TRUE	0.004155849632050373	sampconfig_m0_w1_d0.6_t1_mg1_mm0.99_l2e+08_i1_s41624_diversified_m1_n100
FALSE	0.0028776200268939836	sampconfig_m0_w1_d0.6_t1_mg1_mm0.99_l2e+08_i1_s46725_diversified_m1_n100
TRUE	0.004130835331655636	sampconfig_m0_w1_d0.6_t1_mg1_mm0.99_l2e+08_i1_s46725_diversified_m1_n100
FALSE	0.0029036552651124027	sampconfig_m0_w1_d0.6_t1_mg1_mm0.99_l2e+08_i1_s88169_diversified_m1_n100
TRUE	0.0041413917228203785	sampconfig_m0_w1_d0.6_t1_mg1_mm0.99_l2e+08_i1_s88169_diversified_m1_n100
FALSE	0.0028760055448143296	sampconfig_m0_w1_d0.6_t1_mg1_mm0.99_l2e+08_i2_s23795_diversified_m1_n100
TRUE	0.004126752540306958	sampconfig_m0_w1_d0.6_t1_mg1_mm0.99_l2e+08_i2_s23795_diversified_m1_n100
FALSE	0.0028826713355051495	sampconfig_m0_w1_d0.6_t1_mg1_mm0.99_l2e+08_i3_s96081_diversified_m1_n100
TRUE	0.004134328850332407	sampconfig_m0_w1_d0.6_t1_mg1_mm0.99_l2e+08_i3_s96081_diversified_m1_n100
FALSE	0.002899390449016912	sampconfig_m0_w1_d0.6_t1_mg1_mm0.99_l2e+08_i4_s81820_diversified_m1_n100
TRUE	0.004126812028786059	sampconfig_m0_w1_d0.6_t1_mg1_mm0.99_l2e+08_i4_s81820_diversified_m1_n100
FALSE	0.0028893423502297706	sampconfig_m0_w1_d0.6_t1_mg1_mm0.99_l2e+08_i5_s23470_diversified_m1_n100
TRUE	0.004129488842053799	sampconfig_m0_w1_d0.6_t1_mg1_mm0.99_l2e+08_i5_s23470_diversified_m1_n100
FALSE	0.0028689791071370924	sampconfig_m0_w1_d0.6_t1_mg1_mm0.99_l2e+08_i6_s73494_diversified_m1_n100
TRUE	0.004141525977284948	sampconfig_m0_w1_d0.6_t1_mg1_mm0.99_l2e+08_i6_s73494_diversified_m1_n100
FALSE	0.0028913075341040336	sampconfig_m0_w1_d0.6_t1_mg1_mm0.99_l2e+08_i7_s9046_diversified_m1_n100
TRUE	0.004097586295607766	sampconfig_m0_w1_d0.6_t1_mg1_mm0.99_l2e+08_i7_s9046_diversified_m1_n100
FALSE	0.002880681896298384	sampconfig_m0_w1_d0.6_t1_mg1_mm0.99_l2e+08_i8_s297_diversified_m1_n100
TRUE	0.004157404220728116	sampconfig_m0_w1_d0.6_t1_mg1_mm0.99_l2e+08_i8_s297_diversified_m1_n100
FALSE	0.002863767857786311	sampconfig_m0_w1_d0.6_t1_mg1_mm1_l2e+08_i1_s10557_diversified_m1_n100
TRUE	0.003978221312910542	sampconfig_m0_w1_d0.6_t1_mg1_mm1_l2e+08_i1_s10557_diversified_m1_n100
FALSE	0.0028858957801534036	sampconfig_m0_w1_d0.6_t1_mg1_mm1_l2e+08_i1_s48500_diversified_m1_n100
TRUE	0.003996746818945004	sampconfig_m0_w1_d0.6_t1_mg1_mm1_l2e+08_i1_s48500_diversified_m1_n100
FALSE	0.0028429107703562707	sampconfig_m0_w1_d0.6_t1_mg1_mm1_l2e+08_i1_s94850_diversified_m1_n100
TRUE	0.003986919505578314	sampconfig_m0_w1_d0.6_t1_mg1_mm1_l2e+08_i1_s94850_diversified_m1_n100
FALSE	0.002878654402535576	sampconfig_m0_w1_d0.6_t1_mg1_mm1_l2e+08_i2_s70903_diversified_m1_n100
TRUE	0.003975411435387419	sampconfig_m0_w1_d0.6_t1_mg1_mm1_l2e+08_i2_s70903_diversified_m1_n100
FALSE	0.0028577536897732634	sampconfig_m0_w1_d0.6_t1_mg1_mm1_l2e+08_i3_s88033_diversified_m1_n100
TRUE	0.003971235792732808	sampconfig_m0_w1_d0.6_t1_mg1_mm1_l2e+08_i3_s88033_diversified_m1_n100
FALSE	0.00287313183852655	sampconfig_m0_w1_d0.6_t1_mg1_mm1_l2e+08_i4_s90683_diversified_m1_n100
TRUE	0.003973316974486833	sampconfig_m0_w1_d0.6_t1_mg1_mm1_l2e+08_i4_s90683_diversified_m1_n100
FALSE	0.0028802037656225597	sampconfig_m0_w1_d0.6_t1_mg1_mm1_l2e+08_i5_s87716_diversified_m1_n100
TRUE	0.00397890649104437	sampconfig_m0_w1_d0.6_t1_mg1_mm1_l2e+08_i5_s87716_diversified_m1_n100
FALSE	0.0028373210687197233	sampconfig_m0_w1_d0.6_t1_mg1_mm1_l2e+08_i6_s99090_diversified_m1_n100
TRUE	0.003971620391667426	sampconfig_m0_w1_d0.6_t1_mg1_mm1_l2e+08_i6_s99090_diversified_m1_n100
FALSE	0.0029157825049034754	sampconfig_m0_w1_d0.6_t1_mg1_mm1_l2e+08_i7_s89236_diversified_m1_n100
TRUE	0.004002324181432145	sampconfig_m0_w1_d0.6_t1_mg1_mm1_l2e+08_i7_s89236_diversified_m1_n100
FALSE	0.0028517004467573386	sampconfig_m0_w1_d0.6_t1_mg1_mm1_l2e+08_i8_s53804_diversified_m1_n100
TRUE	0.003967875175453141	sampconfig_m0_w1_d0.6_t1_mg1_mm1_l2e+08_i8_s53804_diversified_m1_n100
FALSE	0.003769587833923239	sampconfig_m0_w1_d0.8_t1_mg1_mm0.99_l2e+08_i1_s20836_diversified_m1_n100
TRUE	0.00425892640492568	sampconfig_m0_w1_d0.8_t1_mg1_mm0.99_l2e+08_i1_s20836_diversified_m1_n100
FALSE	0.003797723205827953	sampconfig_m0_w1_d0.8_t1_mg1_mm0.99_l2e+08_i1_s57056_diversified_m1_n100
TRUE	0.0042652000586544956	sampconfig_m0_w1_d0.8_t1_mg1_mm0.99_l2e+08_i1_s57056_diversified_m1_n100
FALSE	0.003797040151556135	sampconfig_m0_w1_d0.8_t1_mg1_mm0.99_l2e+08_i1_s58383_diversified_m1_n100
TRUE	0.004279404374471286	sampconfig_m0_w1_d0.8_t1_mg1_mm0.99_l2e+08_i1_s58383_diversified_m1_n100
FALSE	0.003775296016961122	sampconfig_m0_w1_d0.8_t1_mg1_mm0.99_l2e+08_i2_s77638_diversified_m1_n100
TRUE	0.0042676989739720535	sampconfig_m0_w1_d0.8_t1_mg1_mm0.99_l2e+08_i2_s77638_diversified_m1_n100
FALSE	0.0037476903534165947	sampconfig_m0_w1_d0.8_t1_mg1_mm0.99_l2e+08_i3_s70682_diversified_m1_n100
TRUE	0.004262546577035276	sampconfig_m0_w1_d0.8_t1_mg1_mm0.99_l2e+08_i3_s70682_diversified_m1_n100
FALSE	0.0037700438755762663	sampconfig_m0_w1_d0.8_t1_mg1_mm0.99_l2e+08_i4_s31519_diversified_m1_n100
TRUE	0.004276658365186296	sampconfig_m0_w1_d0.8_t1_mg1_mm0.99_l2e+08_i4_s31519_diversified_m1_n100
FALSE	0.0037700488986260484	sampconfig_m0_w1_d0.8_t1_mg1_mm0.99_l2e+08_i5_s658_diversified_m1_n100
TRUE	0.004267859017145003	sampconfig_m0_w1_d0.8_t1_mg1_mm0.99_l2e+08_i5_s658_diversified_m1_n100
FALSE	0.0037896018879447434	sampconfig_m0_w1_d0.8_t1_mg1_mm0.99_l2e+08_i6_s29159_diversified_m1_n100
TRUE	0.004261869213938795	sampconfig_m0_w1_d0.8_t1_mg1_mm0.99_l2e+08_i6_s29159_diversified_m1_n100
FALSE	0.0037817443065310593	sampconfig_m0_w1_d0.8_t1_mg1_mm0.99_l2e+08_i7_s87603_diversified_m1_n100
TRUE	0.004255507540088575	sampconfig_m0_w1_d0.8_t1_mg1_mm0.99_l2e+08_i7_s87603_diversified_m1_n100
FALSE	0.0037740590663780348	sampconfig_m0_w1_d0.8_t1_mg1_mm0.99_l2e+08_i8_s71778_diversified_m1_n100
TRUE	0.004270653744755019	sampconfig_m0_w1_d0.8_t1_mg1_mm0.99_l2e+08_i8_s71778_diversified_m1_n100
FALSE	0.0037603157712238983	sampconfig_m0_w1_d0.8_t1_mg1_mm1_l2e+08_i1_s16330_diversified_m1_n100
TRUE	0.004153148838557525	sampconfig_m0_w1_d0.8_t1_mg1_mm1_l2e+08_i1_s16330_diversified_m1_n100
FALSE	0.0037692829320347928	sampconfig_m0_w1_d0.8_t1_mg1_mm1_l2e+08_i1_s36751_diversified_m1_n100
TRUE	0.004160383036028709	sampconfig_m0_w1_d0.8_t1_mg1_mm1_l2e+08_i1_s36751_diversified_m1_n100
FALSE	1.0900033595358085e-4	sampconfig_m0_w1_d0_t1_mg1_mm0.99_l2e+08_i1_s13606_diversified_m1_n100
TRUE	0.003560889319635712	sampconfig_m0_w1_d0_t1_mg1_mm0.99_l2e+08_i1_s13606_diversified_m1_n100
FALSE	1.0357262323267237e-4	sampconfig_m0_w1_d0_t1_mg1_mm0.99_l2e+08_i1_s15306_diversified_m1_n100
TRUE	0.003584318847696769	sampconfig_m0_w1_d0_t1_mg1_mm0.99_l2e+08_i1_s15306_diversified_m1_n100
FALSE	1.0919849196683101e-4	sampconfig_m0_w1_d0_t1_mg1_mm0.99_l2e+08_i1_s62948_diversified_m1_n100
TRUE	0.003518081750584461	sampconfig_m0_w1_d0_t1_mg1_mm0.99_l2e+08_i1_s62948_diversified_m1_n100
FALSE	1.04802661138162e-4	sampconfig_m0_w1_d0_t1_mg1_mm0.99_l2e+08_i2_s26207_diversified_m1_n100
TRUE	0.0034925913983864273	sampconfig_m0_w1_d0_t1_mg1_mm0.99_l2e+08_i2_s26207_diversified_m1_n100
FALSE	1.0041247284550387e-4	sampconfig_m0_w1_d0_t1_mg1_mm0.99_l2e+08_i3_s20653_diversified_m1_n100
TRUE	0.0035607344459598223	sampconfig_m0_w1_d0_t1_mg1_mm0.99_l2e+08_i3_s20653_diversified_m1_n100
FALSE	1.0675734457871262e-4	sampconfig_m0_w1_d0_t1_mg1_mm0.99_l2e+08_i4_s82066_diversified_m1_n100
TRUE	0.0035056420063617833	sampconfig_m0_w1_d0_t1_mg1_mm0.99_l2e+08_i4_s82066_diversified_m1_n100
FALSE	1.0309202010974137e-4	sampconfig_m0_w1_d0_t1_mg1_mm0.99_l2e+08_i5_s76921_diversified_m1_n100
TRUE	0.003505194610049824	sampconfig_m0_w1_d0_t1_mg1_mm0.99_l2e+08_i5_s76921_diversified_m1_n100
FALSE	1.0626371067060598e-4	sampconfig_m0_w1_d0_t1_mg1_mm0.99_l2e+08_i6_s53968_diversified_m1_n100
TRUE	0.0035347725959301263	sampconfig_m0_w1_d0_t1_mg1_mm0.99_l2e+08_i6_s53968_diversified_m1_n100
FALSE	9.953712754355733e-5	sampconfig_m0_w1_d0_t1_mg1_mm0.99_l2e+08_i7_s77212_diversified_m1_n100
TRUE	0.0035263467588834583	sampconfig_m0_w1_d0_t1_mg1_mm0.99_l2e+08_i7_s77212_diversified_m1_n100
FALSE	9.717833475849882e-5	sampconfig_m0_w1_d0_t1_mg1_mm0.99_l2e+08_i8_s48638_diversified_m1_n100
TRUE	0.0035033713213700147	sampconfig_m0_w1_d0_t1_mg1_mm0.99_l2e+08_i8_s48638_diversified_m1_n100
FALSE	1.2687777804319637e-4	sampconfig_m0_w1_d0_t1_mg1_mm1_l2e+08_i1_s34497_diversified_m1_n100
TRUE	0.0033201577558663598	sampconfig_m0_w1_d0_t1_mg1_mm1_l2e+08_i1_s34497_diversified_m1_n100
FALSE	1.2905739736066805e-4	sampconfig_m0_w1_d0_t1_mg1_mm1_l2e+08_i1_s4638_diversified_m1_n100
TRUE	0.0033382608936141007	sampconfig_m0_w1_d0_t1_mg1_mm1_l2e+08_i1_s4638_diversified_m1_n100
FALSE	1.302165418775831e-4	sampconfig_m0_w1_d0_t1_mg1_mm1_l2e+08_i1_s98135_diversified_m1_n100
TRUE	0.0033664613272485614	sampconfig_m0_w1_d0_t1_mg1_mm1_l2e+08_i1_s98135_diversified_m1_n100
FALSE	1.2820377685658074e-4	sampconfig_m0_w1_d0_t1_mg1_mm1_l2e+08_i2_s35001_diversified_m1_n100
TRUE	0.003377393804083898	sampconfig_m0_w1_d0_t1_mg1_mm1_l2e+08_i2_s35001_diversified_m1_n100
FALSE	1.2774220228256938e-4	sampconfig_m0_w1_d0_t1_mg1_mm1_l2e+08_i3_s2682_diversified_m1_n100
TRUE	0.003393553234660714	sampconfig_m0_w1_d0_t1_mg1_mm1_l2e+08_i3_s2682_diversified_m1_n100
FALSE	1.2457862249368033e-4	sampconfig_m0_w1_d0_t1_mg1_mm1_l2e+08_i4_s11689_diversified_m1_n100
TRUE	0.003349012764218166	sampconfig_m0_w1_d0_t1_mg1_mm1_l2e+08_i4_s11689_diversified_m1_n100
FALSE	1.2365240229015738e-4	sampconfig_m0_w1_d0_t1_mg1_mm1_l2e+08_i5_s28337_diversified_m1_n100
TRUE	0.0033632688547959957	sampconfig_m0_w1_d0_t1_mg1_mm1_l2e+08_i5_s28337_diversified_m1_n100
FALSE	1.2945493760638127e-4	sampconfig_m0_w1_d0_t1_mg1_mm1_l2e+08_i6_s28788_diversified_m1_n100
TRUE	0.0033012993726501236	sampconfig_m0_w1_d0_t1_mg1_mm1_l2e+08_i6_s28788_diversified_m1_n100
FALSE	1.2895438817094314e-4	sampconfig_m0_w1_d0_t1_mg1_mm1_l2e+08_i7_s27067_diversified_m1_n100
TRUE	0.0034136914838280644	sampconfig_m0_w1_d0_t1_mg1_mm1_l2e+08_i7_s27067_diversified_m1_n100
FALSE	1.2345816484875404e-4	sampconfig_m0_w1_d0_t1_mg1_mm1_l2e+08_i8_s66697_diversified_m1_n100
TRUE	0.0032429322349017647	sampconfig_m0_w1_d0_t1_mg1_mm1_l2e+08_i8_s66697_diversified_m1_n100
FALSE	0.0011814716538970863	sampconfig_m1.5_w1_d0.2_t1_mg1_mm1_l2e+08_i1_s2710_diversified_m1_n100
TRUE	0.003540471384048732	sampconfig_m1.5_w1_d0.2_t1_mg1_mm1_l2e+08_i1_s2710_diversified_m1_n100
FALSE	0.0011699238193091821	sampconfig_m1.5_w1_d0.2_t1_mg1_mm1_l2e+08_i1_s29448_diversified_m1_n100
TRUE	0.0035157634510505345	sampconfig_m1.5_w1_d0.2_t1_mg1_mm1_l2e+08_i1_s29448_diversified_m1_n100
FALSE	0.0012076864946687926	sampconfig_m1.5_w1_d0.2_t1_mg1_mm1_l2e+08_i1_s86960_diversified_m1_n100
TRUE	0.00362692050360249	sampconfig_m1.5_w1_d0.2_t1_mg1_mm1_l2e+08_i1_s86960_diversified_m1_n100
FALSE	0.0012201069383273202	sampconfig_m1.5_w1_d0.2_t1_mg1_mm1_l2e+08_i2_s51192_diversified_m1_n100
TRUE	0.0035944309828366753	sampconfig_m1.5_w1_d0.2_t1_mg1_mm1_l2e+08_i2_s51192_diversified_m1_n100
FALSE	0.0011780126394318035	sampconfig_m1.5_w1_d0.2_t1_mg1_mm1_l2e+08_i3_s9860_diversified_m1_n100
TRUE	0.003650100366252818	sampconfig_m1.5_w1_d0.2_t1_mg1_mm1_l2e+08_i3_s9860_diversified_m1_n100
FALSE	0.0012239594008432266	sampconfig_m1.5_w1_d0.2_t1_mg1_mm1_l2e+08_i4_s26687_diversified_m1_n100
TRUE	0.0036005280297710376	sampconfig_m1.5_w1_d0.2_t1_mg1_mm1_l2e+08_i4_s26687_diversified_m1_n100
FALSE	0.001205085360846342	sampconfig_m1.5_w1_d0.2_t1_mg1_mm1_l2e+08_i5_s13187_diversified_m1_n100
TRUE	0.003652120426611599	sampconfig_m1.5_w1_d0.2_t1_mg1_mm1_l2e+08_i5_s13187_diversified_m1_n100
FALSE	0.0012079359810054943	sampconfig_m1.5_w1_d0.2_t1_mg1_mm1_l2e+08_i6_s43709_diversified_m1_n100
TRUE	0.003527987025215018	sampconfig_m1.5_w1_d0.2_t1_mg1_mm1_l2e+08_i6_s43709_diversified_m1_n100
FALSE	0.0011799124728998714	sampconfig_m1.5_w1_d0.2_t1_mg1_mm1_l2e+08_i7_s41937_diversified_m1_n100
TRUE	0.0036266941443724434	sampconfig_m1.5_w1_d0.2_t1_mg1_mm1_l2e+08_i7_s41937_diversified_m1_n100
FALSE	0.0012273283436217855	sampconfig_m1.5_w1_d0.2_t1_mg1_mm1_l2e+08_i8_s77605_diversified_m1_n100
TRUE	0.0036687952154725993	sampconfig_m1.5_w1_d0.2_t1_mg1_mm1_l2e+08_i8_s77605_diversified_m1_n100
FALSE	0.001136411063536903	sampconfig_m1_w1_d0.2_t1_mg1_mm1_l2e+08_i1_s2253_diversified_m1_n100
TRUE	0.003585129868092173	sampconfig_m1_w1_d0.2_t1_mg1_mm1_l2e+08_i1_s2253_diversified_m1_n100
FALSE	0.0011482347759594388	sampconfig_m1_w1_d0.2_t1_mg1_mm1_l2e+08_i1_s29745_diversified_m1_n100
TRUE	0.00362921411658586	sampconfig_m1_w1_d0.2_t1_mg1_mm1_l2e+08_i1_s29745_diversified_m1_n100
FALSE	0.0011209393263494094	sampconfig_m1_w1_d0.2_t1_mg1_mm1_l2e+08_i1_s69767_diversified_m1_n100
TRUE	0.0035748151162992067	sampconfig_m1_w1_d0.2_t1_mg1_mm1_l2e+08_i1_s69767_diversified_m1_n100
FALSE	0.0011289063351615563	sampconfig_m1_w1_d0.2_t1_mg1_mm1_l2e+08_i2_s9004_diversified_m1_n100
TRUE	0.0036089729976872377	sampconfig_m1_w1_d0.2_t1_mg1_mm1_l2e+08_i2_s9004_diversified_m1_n100
FALSE	0.0011322512524973658	sampconfig_m1_w1_d0.2_t1_mg1_mm1_l2e+08_i3_s34362_diversified_m1_n100
TRUE	0.0035184210981838914	sampconfig_m1_w1_d0.2_t1_mg1_mm1_l2e+08_i3_s34362_diversified_m1_n100
FALSE	0.0011436380387648787	sampconfig_m1_w1_d0.2_t1_mg1_mm1_l2e+08_i4_s72476_diversified_m1_n100
TRUE	0.003539283058358263	sampconfig_m1_w1_d0.2_t1_mg1_mm1_l2e+08_i4_s72476_diversified_m1_n100
FALSE	0.0011243509632065094	sampconfig_m1_w1_d0.2_t1_mg1_mm1_l2e+08_i5_s13495_diversified_m1_n100
TRUE	0.0035862192876072382	sampconfig_m1_w1_d0.2_t1_mg1_mm1_l2e+08_i5_s13495_diversified_m1_n100
FALSE	0.0011529002169075263	sampconfig_m1_w1_d0.2_t1_mg1_mm1_l2e+08_i6_s64633_diversified_m1_n100
TRUE	0.0035452988513160056	sampconfig_m1_w1_d0.2_t1_mg1_mm1_l2e+08_i6_s64633_diversified_m1_n100
FALSE	0.0011409702083733776	sampconfig_m1_w1_d0.2_t1_mg1_mm1_l2e+08_i7_s49263_diversified_m1_n100
TRUE	0.0035251056708078404	sampconfig_m1_w1_d0.2_t1_mg1_mm1_l2e+08_i7_s49263_diversified_m1_n100
FALSE	0.0011149266096975505	sampconfig_m1_w1_d0.2_t1_mg1_mm1_l2e+08_i8_s15686_diversified_m1_n100
TRUE	0.0035449160254291696	sampconfig_m1_w1_d0.2_t1_mg1_mm1_l2e+08_i8_s15686_diversified_m1_n100
FALSE	0.0013056557501135103	sampconfig_m2_w1_d0.2_t1_mg1_mm1_l2e+08_i1_s1819_diversified_m1_n100
TRUE	0.003571545326751445	sampconfig_m2_w1_d0.2_t1_mg1_mm1_l2e+08_i1_s1819_diversified_m1_n100
FALSE	0.001258877400082883	sampconfig_m2_w1_d0.2_t1_mg1_mm1_l2e+08_i1_s21265_diversified_m1_n100
TRUE	0.00359461467542852	sampconfig_m2_w1_d0.2_t1_mg1_mm1_l2e+08_i1_s21265_diversified_m1_n100
FALSE	0.0012827779204929838	sampconfig_m2_w1_d0.2_t1_mg1_mm1_l2e+08_i1_s71178_diversified_m1_n100
TRUE	0.003586877382329004	sampconfig_m2_w1_d0.2_t1_mg1_mm1_l2e+08_i1_s71178_diversified_m1_n100
FALSE	0.0012762904726425633	sampconfig_m2_w1_d0.2_t1_mg1_mm1_l2e+08_i2_s92902_diversified_m1_n100
TRUE	0.0036150867881846235	sampconfig_m2_w1_d0.2_t1_mg1_mm1_l2e+08_i2_s92902_diversified_m1_n100
FALSE	0.0012547610897813736	sampconfig_m2_w1_d0.2_t1_mg1_mm1_l2e+08_i3_s99782_diversified_m1_n100
TRUE	0.0037526272727535543	sampconfig_m2_w1_d0.2_t1_mg1_mm1_l2e+08_i3_s99782_diversified_m1_n100
FALSE	0.0012475973964409897	sampconfig_m2_w1_d0.2_t1_mg1_mm1_l2e+08_i4_s82432_diversified_m1_n100
TRUE	0.0036677846124843006	sampconfig_m2_w1_d0.2_t1_mg1_mm1_l2e+08_i4_s82432_diversified_m1_n100
FALSE	0.0012614422327745982	sampconfig_m2_w1_d0.2_t1_mg1_mm1_l2e+08_i5_s65830_diversified_m1_n100
TRUE	0.003611638584100195	sampconfig_m2_w1_d0.2_t1_mg1_mm1_l2e+08_i5_s65830_diversified_m1_n100
FALSE	0.0012753380685920316	sampconfig_m2_w1_d0.2_t1_mg1_mm1_l2e+08_i6_s60949_diversified_m1_n100
TRUE	0.003554133706010057	sampconfig_m2_w1_d0.2_t1_mg1_mm1_l2e+08_i6_s60949_diversified_m1_n100
FALSE	0.0012655728457856546	sampconfig_m2_w1_d0.2_t1_mg1_mm1_l2e+08_i7_s208_diversified_m1_n100
TRUE	0.0035807663366974377	sampconfig_m2_w1_d0.2_t1_mg1_mm1_l2e+08_i7_s208_diversified_m1_n100
FALSE	0.001256624342396038	sampconfig_m2_w1_d0.2_t1_mg1_mm1_l2e+08_i8_s34287_diversified_m1_n100
TRUE	0.0036655758266315114	sampconfig_m2_w1_d0.2_t1_mg1_mm1_l2e+08_i8_s34287_diversified_m1_n100
